model,year,price,transmission,mileage,fuelType,tax,mpg,engineSize
 GT86,2016,16000,Manual,24089,Petrol,265,36.2,2.0
 GT86,2017,15995,Manual,18615,Petrol,145,36.2,2.0
 GT86,2015,13998,Manual,27469,Petrol,265,36.2,2.0
 GT86,2017,18998,Manual,14736,Petrol,150,36.2,2.0
 GT86,2017,17498,Manual,36284,Petrol,145,36.2,2.0
 GT86,2017,15998,Manual,26919,Petrol,260,36.2,2.0
 GT86,2017,18522,Manual,10456,Petrol,145,36.2,2.0
 GT86,2017,18995,Manual,12340,Petrol,145,36.2,2.0
 GT86,2020,27998,Manual,516,Petrol,150,33.2,2.0
 GT86,2016,13990,Manual,37999,Petrol,265,36.2,2.0
 GT86,2013,10495,Manual,72000,Petrol,265,36.2,2.0
 GT86,2017,17990,Manual,12597,Petrol,145,36.2,2.0
 GT86,2017,16995,Manual,36100,Petrol,145,36.2,2.0
 GT86,2019,23995,Manual,995,Petrol,145,33.2,2.0
 GT86,2018,18498,Manual,35228,Petrol,145,36.2,2.0
 GT86,2019,23980,Manual,1751,Petrol,145,33.2,2.0
 GT86,2017,17995,Manual,16444,Petrol,265,36.2,2.0
 GT86,2014,12998,Manual,25499,Petrol,260,36.2,2.0
 GT86,2019,23495,Automatic,3934,Petrol,145,32.8,2.0
 GT86,2019,25780,Manual,5123,Petrol,145,33.2,2.0
 GT86,2020,26995,Semi-Auto,1500,Petrol,145,32.8,2.0
 GT86,2019,23998,Semi-Auto,913,Petrol,145,32.8,2.0
 GT86,2019,26995,Manual,2680,Petrol,150,33.2,2.0
 GT86,2017,17000,Manual,14345,Petrol,150,36.2,2.0
 GT86,2018,19995,Manual,15525,Petrol,150,36.2,2.0
 GT86,2020,31000,Manual,3000,Petrol,145,33.2,2.0
 GT86,2016,15995,Semi-Auto,19460,Petrol,200,39.8,2.0
 GT86,2018,18490,Manual,31231,Petrol,150,36.2,2.0
 GT86,2020,24990,Manual,339,Petrol,145,33.2,2.0
 GT86,2015,13981,Manual,30500,Petrol,265,36.2,2.0
 GT86,2015,13991,Manual,38126,Petrol,260,36.2,2.0
 GT86,2019,27060,Automatic,3348,Petrol,145,32.8,2.0
 GT86,2018,20695,Manual,5260,Petrol,145,36.2,2.0
 GT86,2019,25999,Manual,100,Petrol,145,33.2,2.0
 GT86,2013,11575,Manual,50584,Petrol,265,36.2,2.0
 GT86,2017,20995,Manual,6445,Petrol,145,36.2,2.0
 GT86,2014,14999,Manual,18389,Petrol,260,36.2,2.0
 GT86,2019,27000,Semi-Auto,100,Petrol,145,32.8,2.0
 GT86,2016,15000,Manual,28321,Petrol,265,36.2,2.0
 GT86,2019,22200,Semi-Auto,16241,Petrol,145,32.8,2.0
 GT86,2019,24990,Manual,3150,Petrol,145,33.2,2.0
 GT86,2019,25995,Manual,8912,Petrol,145,33.2,2.0
 GT86,2017,19500,Manual,9639,Petrol,260,36.2,2.0
 GT86,2017,18250,Manual,20219,Petrol,145,36.2,2.0
 GT86,2019,23995,Manual,1557,Petrol,150,33.2,2.0
 GT86,2016,17500,Manual,14000,Petrol,260,36.2,2.0
 GT86,2019,23997,Manual,4500,Petrol,145,33.2,2.0
 GT86,2017,17102,Manual,21000,Petrol,260,36.2,2.0
 GT86,2019,24995,Manual,2488,Petrol,145,33.2,2.0
 GT86,2017,19995,Manual,26000,Petrol,145,36.2,2.0
 GT86,2020,29769,Manual,999,Petrol,145,33.2,2.0
 GT86,2019,25850,Manual,4442,Petrol,145,33.2,2.0
 GT86,2014,13495,Manual,24667,Petrol,265,36.2,2.0
 GT86,2017,18495,Semi-Auto,13930,Petrol,150,39.8,2.0
 GT86,2020,25499,Manual,614,Petrol,145,33.2,2.0
 GT86,2017,18621,Manual,18544,Petrol,150,36.2,2.0
 GT86,2019,25121,Manual,7056,Petrol,145,33.2,2.0
 GT86,2017,17500,Manual,11898,Petrol,145,36.2,2.0
 GT86,2013,11599,Automatic,28335,Petrol,200,39.8,2.0
 GT86,2017,17249,Manual,10089,Petrol,145,36.2,2.0
 GT86,2020,25995,Manual,3250,Petrol,145,33.2,2.0
 GT86,2014,13000,Manual,39761,Petrol,265,36.2,2.0
 GT86,2017,17250,Manual,19420,Petrol,145,36.2,2.0
 GT86,2019,27950,Manual,489,Petrol,145,33.2,2.0
 GT86,2020,27995,Manual,1055,Petrol,145,33.2,2.0
 GT86,2016,13999,Manual,19987,Petrol,260,36.2,2.0
 GT86,2012,9995,Automatic,74599,Petrol,200,39.8,2.0
 GT86,2015,10499,Automatic,81206,Petrol,200,39.8,2.0
 GT86,2012,11995,Manual,53000,Petrol,250,36.2,2.0
 GT86,2015,13495,Manual,49000,Petrol,265,36.2,2.0
 GT86,2019,24990,Automatic,4000,Petrol,145,32.8,2.0
 GT86,2017,19500,Manual,6725,Petrol,145,36.2,2.0
 GT86,2020,28000,Manual,650,Petrol,145,33.2,2.0
 Corolla,2019,22500,Automatic,8006,Other,140,85.6,1.8
 Corolla,2005,1300,Manual,129000,Petrol,260,36.7,1.8
 Corolla,2019,20250,Automatic,7445,Hybrid,140,85.6,1.8
 Corolla,2020,26980,Automatic,5000,Hybrid,135,72.4,2.0
 Corolla,2019,21995,Automatic,8789,Hybrid,135,85.6,1.8
 Corolla,2019,18995,Manual,2193,Petrol,145,39.2,1.2
 Corolla,2019,22498,Automatic,9798,Hybrid,135,78.5,1.8
 Corolla,2019,20998,Automatic,8442,Hybrid,135,85.6,1.8
 Corolla,2019,27990,Automatic,3650,Hybrid,135,72.4,2.0
 Corolla,2019,22520,Automatic,7666,Hybrid,135,85.6,1.8
 Corolla,2019,17440,Manual,6346,Petrol,145,39.2,1.2
 Corolla,2019,22990,Automatic,9000,Hybrid,135,78.5,1.8
 Corolla,2019,25570,Automatic,3196,Hybrid,135,72.4,2.0
 Corolla,2019,19998,Automatic,1992,Hybrid,135,85.6,1.8
 Corolla,2019,23990,Automatic,9500,Hybrid,135,78.5,1.8
 Corolla,2019,19995,Automatic,12158,Hybrid,135,85.6,1.8
 Corolla,2019,24995,Automatic,5500,Hybrid,135,72.4,2.0
 Corolla,2019,24995,Automatic,1350,Hybrid,135,72.4,2.0
 Corolla,2019,23440,Automatic,5000,Hybrid,135,78.5,1.8
 Corolla,2019,21990,Automatic,9278,Hybrid,135,85.6,1.8
 Corolla,2019,20990,Automatic,5000,Hybrid,135,85.6,1.8
 Corolla,2019,19990,Automatic,10500,Hybrid,135,85.6,1.8
 Corolla,2019,21995,Automatic,9100,Hybrid,135,58.9,1.8
 Corolla,2019,22070,Automatic,9304,Hybrid,135,78.5,1.8
 Corolla,2019,22490,Automatic,9500,Hybrid,135,85.6,1.8
 Corolla,2019,15990,Manual,3500,Petrol,145,39.2,1.2
 Corolla,2019,21998,Automatic,9023,Hybrid,135,72.4,2.0
 Corolla,2019,22075,Automatic,9684,Hybrid,135,85.6,1.8
 Corolla,2020,28990,Automatic,2000,Hybrid,140,53.3,2.0
 Corolla,2019,16995,Manual,6503,Petrol,145,39.2,1.2
 Corolla,2019,18498,Manual,5087,Petrol,145,39.2,1.2
 Corolla,2019,25995,Automatic,1751,Hybrid,135,72.4,2.0
 Corolla,2019,24998,Automatic,6195,Hybrid,140,72.4,2.0
 Corolla,2019,23500,Automatic,4720,Hybrid,135,78.5,1.8
 Corolla,2019,21750,Automatic,2839,Hybrid,135,85.6,1.8
 Corolla,2019,21000,Automatic,11408,Hybrid,135,85.6,1.8
 Corolla,2019,23000,Automatic,6788,Hybrid,135,85.6,1.8
 Corolla,2019,25000,Automatic,2430,Hybrid,140,78.5,1.8
 Corolla,2019,23000,Automatic,3579,Hybrid,135,72.4,2.0
 Corolla,2019,24000,Automatic,6415,Hybrid,135,72.4,2.0
 Corolla,2019,22500,Automatic,9493,Hybrid,135,78.5,1.8
 Corolla,2019,22790,Automatic,5830,Hybrid,135,72.4,2.0
 Corolla,2019,22790,Automatic,9781,Hybrid,135,72.4,2.0
 Corolla,2019,21490,Automatic,8950,Hybrid,135,72.4,2.0
 Corolla,2019,17250,Manual,12000,Petrol,145,39.2,1.2
 Corolla,2019,15998,Manual,7016,Petrol,145,39.2,1.2
 Corolla,2019,20498,Automatic,13872,Hybrid,140,72.4,2.0
 Corolla,2019,15990,Manual,2336,Petrol,145,39.2,1.2
 Corolla,2019,20488,Automatic,3892,Hybrid,140,58.9,1.8
 Corolla,2019,20288,Manual,4886,Petrol,150,39.2,1.2
 Corolla,2019,17995,Manual,9770,Petrol,145,39.2,1.2
 Corolla,2019,16490,Manual,8599,Petrol,145,39.2,1.2
 Corolla,2019,15990,Manual,5346,Petrol,145,39.2,1.2
 Corolla,2019,18290,Manual,3250,Petrol,145,39.2,1.2
 Corolla,2019,19998,Manual,4290,Petrol,150,39.2,1.2
 Corolla,2019,23888,Automatic,3497,Hybrid,140,72.4,2.0
 Corolla,2019,15990,Manual,6449,Petrol,145,39.2,1.2
 Corolla,2020,27495,Automatic,998,Hybrid,135,53.3,2.0
 Corolla,2019,23448,Automatic,3988,Hybrid,135,72.4,2.0
 Corolla,2019,22990,Automatic,5268,Hybrid,135,72.4,2.0
 Corolla,2019,18295,Manual,1110,Petrol,145,39.2,1.2
 Corolla,2019,18995,Manual,1436,Petrol,145,39.2,1.2
 Corolla,2019,21490,Automatic,9296,Hybrid,135,58.9,1.8
 Corolla,2019,22790,Automatic,8322,Hybrid,135,72.4,2.0
 Corolla,2019,17490,Manual,9000,Petrol,145,39.2,1.2
 Corolla,2019,24388,Automatic,8000,Hybrid,135,72.4,2.0
 Corolla,2020,25988,Automatic,10000,Hybrid,135,53.3,2.0
 Corolla,2019,16490,Manual,8328,Petrol,145,39.2,1.2
 Corolla,2019,21790,Automatic,10836,Hybrid,135,78.5,1.8
 Corolla,2019,16490,Manual,4890,Petrol,145,39.2,1.2
 Corolla,2019,24790,Automatic,5651,Hybrid,140,72.4,2.0
 Corolla,2019,21490,Automatic,9735,Hybrid,135,78.5,1.8
 Corolla,2019,18495,Manual,8514,Petrol,145,39.2,1.2
 Corolla,2019,18495,Manual,4774,Petrol,145,39.2,1.2
 Corolla,2019,24995,Automatic,7500,Hybrid,140,58.9,1.8
 Corolla,2019,16995,Manual,3000,Petrol,145,39.2,1.2
 Corolla,2019,22790,Automatic,12501,Hybrid,135,72.4,2.0
 Corolla,2020,25990,Automatic,6124,Hybrid,135,53.3,2.0
 Corolla,2019,21490,Automatic,10124,Hybrid,135,85.6,1.8
 Corolla,2019,21490,Automatic,9107,Hybrid,135,72.4,2.0
 Corolla,2019,23698,Automatic,2535,Hybrid,135,72.4,2.0
 Corolla,2020,22990,Automatic,2797,Hybrid,135,62.8,1.8
 Corolla,2020,26490,Automatic,1879,Hybrid,135,53.3,2.0
 Corolla,2020,25490,Automatic,1697,Hybrid,135,56.5,1.8
 Corolla,2019,22990,Automatic,13410,Hybrid,135,72.4,2.0
 Corolla,2019,19990,Manual,4332,Petrol,150,39.2,1.2
 Corolla,2019,20990,Manual,8503,Petrol,150,39.2,1.2
 Corolla,2019,17890,Manual,3695,Petrol,150,39.2,1.2
 Corolla,2019,18995,Manual,2579,Petrol,145,39.2,1.2
 Corolla,2019,17990,Manual,6057,Petrol,145,39.2,1.2
 Corolla,2019,18690,Manual,2907,Petrol,145,39.2,1.2
 Corolla,2019,16990,Manual,7134,Petrol,145,39.2,1.2
 Corolla,2019,16990,Manual,25,Petrol,145,39.2,1.2
 Corolla,2019,22727,Automatic,4451,Hybrid,135,72.4,2.0
 Corolla,2019,20995,Automatic,5668,Hybrid,135,72.4,2.0
 Corolla,2019,20995,Automatic,5250,Hybrid,135,85.6,1.8
 Corolla,2019,22290,Automatic,4633,Hybrid,140,78.5,1.8
 Corolla,2019,16490,Manual,9625,Petrol,145,39.2,1.2
 Corolla,2019,19790,Automatic,5804,Hybrid,135,85.6,1.8
 Corolla,2019,15790,Manual,10000,Petrol,145,39.2,1.2
 Corolla,2019,17480,Manual,9999,Petrol,145,39.2,1.2
 Corolla,2020,24980,Automatic,5000,Hybrid,135,57.7,1.8
 Corolla,2019,18990,Manual,3860,Petrol,145,39.2,1.2
 Corolla,2019,21495,Automatic,9004,Hybrid,135,85.6,1.8
 Corolla,2019,17960,Manual,4500,Petrol,145,39.2,1.2
 Corolla,2019,17960,Manual,4500,Petrol,145,39.2,1.2
 Corolla,2019,23995,Automatic,5784,Hybrid,135,72.4,2.0
 Corolla,2019,17995,Manual,6551,Petrol,145,39.2,1.2
 Corolla,2019,24795,Automatic,6770,Hybrid,135,72.4,2.0
 Corolla,2019,18995,Manual,500,Petrol,145,39.2,1.2
 Corolla,2019,19995,Manual,500,Petrol,145,39.2,1.2
 Corolla,2019,22595,Automatic,10500,Hybrid,135,72.4,2.0
 Corolla,2019,25595,Automatic,1215,Hybrid,135,78.5,1.8
 Corolla,2019,23445,Automatic,5558,Hybrid,135,78.5,1.8
 Corolla,2019,23395,Automatic,6125,Hybrid,135,78.5,1.8
 Corolla,2019,23445,Automatic,2620,Hybrid,135,78.5,1.8
 Corolla,2019,24998,Automatic,2474,Hybrid,140,72.4,2.0
 Corolla,2019,23498,Automatic,6513,Hybrid,140,78.5,1.8
 Corolla,2019,23995,Automatic,6989,Hybrid,135,72.4,2.0
 Corolla,2019,22995,Automatic,11000,Hybrid,140,72.4,2.0
 Corolla,2019,22995,Automatic,3754,Hybrid,135,78.5,1.8
 Corolla,2020,28815,Automatic,987,Hybrid,140,53.3,2.0
 Corolla,2019,19995,Automatic,11293,Hybrid,135,85.6,1.8
 Corolla,2019,19995,Automatic,5674,Hybrid,140,85.6,1.8
 Corolla,2019,23995,Automatic,9250,Hybrid,135,72.4,2.0
 Corolla,2019,23495,Manual,5600,Petrol,145,39.2,1.2
 Corolla,2020,27995,Automatic,2500,Hybrid,135,53.3,2.0
 Corolla,2019,21000,Automatic,11449,Hybrid,140,78.5,1.8
 Corolla,2020,28000,Automatic,10,Hybrid,140,56.5,1.8
 Corolla,2019,17999,Manual,3510,Petrol,145,39.2,1.2
 Corolla,2019,20497,Automatic,4412,Hybrid,135,78.5,1.8
 Corolla,2019,23500,Automatic,10016,Hybrid,135,78.5,1.8
 Corolla,2019,21665,Automatic,11051,Hybrid,135,85.6,1.8
 Corolla,2019,21280,Manual,5102,Petrol,145,39.2,1.2
 Corolla,2019,24960,Automatic,2535,Hybrid,135,72.4,2.0
 Corolla,2019,19540,Manual,8970,Petrol,145,39.2,1.2
 Corolla,2019,20110,Automatic,5922,Hybrid,135,85.6,1.8
 Corolla,2019,23060,Automatic,15631,Hybrid,135,72.4,2.0
 Corolla,2020,26991,Automatic,3636,Hybrid,140,53.3,2.0
 Corolla,2019,22900,Automatic,5910,Hybrid,135,85.6,1.8
 Corolla,2019,24025,Automatic,8812,Hybrid,135,78.5,1.8
 Corolla,2019,26495,Automatic,1000,Hybrid,135,72.4,2.0
 Corolla,2019,27795,Automatic,1000,Hybrid,135,72.4,2.0
 Corolla,2019,22999,Automatic,4113,Hybrid,135,85.6,1.8
 Corolla,2019,21999,Automatic,8171,Hybrid,135,78.5,1.8
 Corolla,2019,19990,Manual,3422,Petrol,145,39.2,1.2
 Corolla,2019,19900,Manual,6522,Petrol,145,39.2,1.2
 Corolla,2019,22000,Automatic,11478,Hybrid,135,78.5,1.8
 Corolla,2019,19290,Manual,10011,Petrol,150,39.2,1.2
 Corolla,2019,19995,Manual,7777,Petrol,145,39.2,1.2
 Corolla,2019,23888,Automatic,14417,Hybrid,140,72.4,2.0
 Corolla,2019,22495,Automatic,2034,Hybrid,140,78.5,1.8
 Corolla,2020,28495,Automatic,2141,Hybrid,140,56.5,1.8
 Corolla,2019,25195,Automatic,3998,Hybrid,135,72.4,2.0
 Corolla,2019,21495,Automatic,10420,Hybrid,140,85.6,1.8
 Corolla,2019,21790,Automatic,10120,Hybrid,140,78.5,1.8
 Corolla,2020,24995,Automatic,3989,Hybrid,135,57.7,1.8
 Corolla,2020,22995,Automatic,636,Hybrid,135,62.8,1.8
 Corolla,2019,26995,Automatic,3000,Hybrid,140,72.4,2.0
 Corolla,2019,21995,Automatic,9333,Hybrid,135,78.5,1.8
 Corolla,2019,17495,Manual,999,Petrol,145,39.2,1.2
 Corolla,2019,22050,Automatic,12000,Hybrid,135,72.4,2.0
 Corolla,2020,28795,Automatic,1544,Hybrid,135,53.3,2.0
 Corolla,2020,20692,Manual,7345,Petrol,145,39.2,1.2
 Corolla,2019,21495,Automatic,20657,Hybrid,140,85.6,1.8
 Corolla,2019,22514,Automatic,8309,Hybrid,135,78.5,1.8
 Corolla,2020,29450,Automatic,943,Hybrid,135,53.3,2.0
 Corolla,2020,26950,Automatic,3168,Hybrid,135,53.3,2.0
 Corolla,2020,24995,Automatic,2136,Hybrid,135,56.5,1.8
 Corolla,2019,23000,Automatic,6158,Hybrid,140,72.4,2.0
 Corolla,2019,20689,Automatic,7963,Hybrid,135,85.6,1.8
 Corolla,2019,19219,Manual,384,Petrol,145,39.2,1.2
 Corolla,2019,21991,Automatic,5000,Hybrid,135,78.5,1.8
 Corolla,2019,22980,Automatic,3459,Hybrid,135,72.4,2.0
 Corolla,2019,15291,Manual,7317,Petrol,145,39.2,1.2
 Corolla,2019,22780,Automatic,9980,Hybrid,135,72.4,2.0
 Corolla,2020,19495,Manual,4568,Petrol,150,39.2,1.2
 Corolla,2019,18991,Automatic,7000,Hybrid,135,85.6,1.8
 Corolla,2019,19291,Automatic,13998,Hybrid,135,85.6,1.8
 Corolla,2019,23505,Automatic,9264,Hybrid,135,78.5,1.8
 Corolla,2019,17865,Manual,17197,Petrol,145,39.2,1.2
 Corolla,2019,20499,Automatic,4942,Hybrid,135,85.6,1.8
 Corolla,2020,27893,Automatic,3390,Hybrid,135,72.4,2.0
 Corolla,2019,22226,Automatic,9264,Hybrid,135,78.5,1.8
 Corolla,2019,16821,Manual,6329,Petrol,145,39.2,1.2
 Corolla,2020,25998,Automatic,5000,Hybrid,140,53.3,2.0
 Corolla,2003,1495,Manual,89000,Petrol,235,39.2,1.6
 Corolla,2019,20995,Automatic,6834,Hybrid,135,72.4,2.0
 Corolla,2019,17989,Manual,151,Petrol,145,39.2,1.2
 Corolla,2019,26999,Automatic,6500,Hybrid,140,72.4,2.0
 Corolla,2004,1250,Manual,111000,Petrol,260,37.2,1.8
 Corolla,2019,16495,Manual,5517,Petrol,145,39.2,1.2
 Corolla,2019,17995,Manual,3792,Petrol,145,39.2,1.2
 Corolla,2019,16495,Manual,5139,Petrol,145,39.2,1.2
 Corolla,2019,23995,Automatic,42,Hybrid,135,57.7,1.8
 Corolla,2020,25995,Automatic,100,Hybrid,135,53.3,2.0
 Corolla,2019,22250,Automatic,10932,Hybrid,135,78.5,1.8
 Corolla,2019,19995,Automatic,14198,Hybrid,135,85.6,1.8
 Corolla,2019,22485,Automatic,9111,Hybrid,140,78.5,1.8
 Corolla,2019,20985,Automatic,5372,Hybrid,135,85.6,1.8
 Corolla,2019,21999,Automatic,17095,Hybrid,140,72.4,2.0
 Corolla,2019,17999,Manual,20,Petrol,145,39.2,1.2
 Corolla,2019,17499,Manual,20,Petrol,145,39.2,1.2
 Corolla,2019,16299,Manual,18020,Petrol,145,39.2,1.2
 Corolla,2019,21450,Automatic,9244,Hybrid,140,85.6,1.8
 Corolla,2019,20499,Automatic,10436,Hybrid,135,78.5,1.8
 Corolla,2019,16491,Manual,15,Petrol,145,39.2,1.2
 Corolla,2019,21450,Automatic,7899,Hybrid,135,85.6,1.8
 Corolla,2019,21450,Automatic,8908,Hybrid,135,78.5,1.8
 Corolla,2003,2195,Automatic,102000,Petrol,300,34.5,1.8
 Corolla,2019,21995,Automatic,4800,Hybrid,135,85.6,1.8
 Corolla,2019,22691,Automatic,3698,Hybrid,135,72.4,2.0
 Corolla,2019,15991,Manual,10,Petrol,145,39.2,1.2
 Corolla,2019,15991,Manual,10,Petrol,145,39.2,1.2
 Corolla,2019,23490,Automatic,8239,Hybrid,135,78.5,1.8
 Corolla,2019,25495,Automatic,9317,Hybrid,135,85.6,1.8
 Corolla,2001,899,Automatic,76000,Petrol,300,35.3,1.6
 Corolla,2019,17790,Manual,15,Petrol,145,39.2,1.2
 Corolla,2019,17990,Manual,10,Petrol,145,39.2,1.2
 Corolla,2019,16990,Manual,10,Petrol,145,39.2,1.2
 Corolla,2008,4295,Manual,76300,Petrol,260,36.7,1.8
 Corolla,2019,19795,Automatic,7841,Hybrid,135,78.5,1.8
 Corolla,2019,23395,Automatic,10513,Hybrid,140,85.6,1.8
 Corolla,2019,18700,Manual,6597,Petrol,145,39.2,1.2
 Corolla,2019,22700,Automatic,6289,Hybrid,135,78.5,1.8
 Corolla,2019,16790,Manual,97,Petrol,145,39.2,1.2
 Corolla,2019,23700,Automatic,3628,Hybrid,135,72.4,2.0
 Corolla,2020,26700,Automatic,3675,Hybrid,135,53.3,2.0
 Corolla,2019,23650,Automatic,8087,Hybrid,135,72.4,2.0
 Corolla,2019,21990,Automatic,12000,Hybrid,135,78.5,1.8
 Corolla,2020,19790,Manual,3000,Petrol,145,39.2,1.2
 Corolla,2019,20450,Automatic,8000,Hybrid,135,85.6,1.8
 Corolla,2019,16200,Manual,3837,Petrol,145,39.2,1.2
 Corolla,2019,21491,Automatic,3993,Hybrid,135,85.6,1.8
 Corolla,2020,25990,Automatic,1112,Other,135,53.3,2.0
 Corolla,2019,21850,Automatic,9300,Hybrid,135,58.9,1.8
 Corolla,2020,23550,Automatic,3000,Hybrid,135,58.9,1.8
 Corolla,2019,21991,Automatic,13000,Hybrid,135,78.5,1.8
 Corolla,2019,22850,Automatic,9000,Hybrid,135,78.5,1.8
 Corolla,2019,19990,Automatic,9968,Hybrid,135,85.6,1.8
 Corolla,2019,19990,Automatic,10175,Hybrid,135,85.6,1.8
 Corolla,2019,25650,Automatic,4000,Hybrid,135,72.4,2.0
 Corolla,2019,21350,Automatic,15481,Hybrid,135,78.5,1.8
 Corolla,2019,22990,Automatic,7000,Hybrid,135,78.5,1.8
 Corolla,2019,22990,Automatic,6000,Hybrid,135,78.5,1.8
 Corolla,2019,23650,Automatic,7000,Hybrid,135,85.6,1.8
 Corolla,2019,21990,Automatic,10055,Hybrid,135,78.5,1.8
 Corolla,2020,18990,Manual,3000,Petrol,145,39.2,1.2
 Corolla,2019,21500,Automatic,6610,Hybrid,135,85.6,1.8
 Corolla,2019,21690,Automatic,9823,Hybrid,135,78.5,1.8
 Corolla,2019,22750,Automatic,9000,Hybrid,135,72.4,2.0
 Corolla,2019,22250,Automatic,8563,Hybrid,135,78.5,1.8
 Corolla,2019,24495,Automatic,2165,Hybrid,135,72.4,2.0
 Corolla,2019,24295,Automatic,6568,Hybrid,135,72.4,2.0
 Corolla,2019,22000,Automatic,7575,Hybrid,135,78.5,1.8
 Corolla,2019,16500,Manual,6170,Petrol,145,39.2,1.2
 Corolla,2019,23500,Automatic,6033,Hybrid,135,78.5,1.8
 Corolla,2007,2795,Manual,71248,Petrol,260,36.7,1.8
 Corolla,2005,2495,Manual,88150,Diesel,125,58.9,1.4
 Corolla,2005,3495,Manual,77500,Petrol,235,40.4,1.6
 Corolla,2004,2095,Manual,96000,Petrol,260,36.7,1.8
 Corolla,2019,23250,Automatic,3568,Hybrid,140,72.4,2.0
 Corolla,2019,21494,Automatic,7792,Hybrid,135,78.5,1.8
 Corolla,2019,21249,Automatic,10353,Hybrid,135,85.6,1.8
 Corolla,2019,21250,Automatic,7125,Hybrid,135,85.6,1.8
 Corolla,2019,21995,Automatic,8661,Hybrid,135,78.5,1.8
 Corolla,2019,22995,Automatic,4319,Hybrid,140,85.6,1.8
 RAV4,2019,30500,Automatic,13326,Other,140,51.1,2.5
 RAV4,2017,20000,Automatic,30379,Hybrid,20,57.6,2.5
 RAV4,2017,16500,Manual,25271,Diesel,125,60.1,2.0
 RAV4,2016,15995,Manual,11291,Diesel,125,60.1,2.0
 RAV4,2015,13500,Manual,45757,Diesel,125,57.6,2.0
 RAV4,2017,22480,Automatic,25170,Hybrid,135,55.4,2.5
 RAV4,2015,13698,Automatic,43830,Diesel,260,42.2,2.2
 RAV4,2016,17998,Automatic,58377,Hybrid,20,55.4,2.5
 RAV4,2016,14998,Manual,40054,Diesel,125,60.1,2.0
 RAV4,2013,10998,Automatic,45322,Diesel,260,42.2,2.2
 RAV4,2016,13498,Manual,32061,Diesel,125,60.1,2.0
 RAV4,2017,17500,Automatic,26528,Petrol,145,43.5,2.0
 RAV4,2017,16498,Automatic,37539,Petrol,200,43.5,2.0
 RAV4,2014,9698,Manual,80049,Diesel,145,53.0,2.0
 RAV4,2016,14817,Manual,35286,Diesel,125,60.1,2.0
 RAV4,2019,29399,Automatic,9650,Hybrid,135,51.1,2.5
 RAV4,2019,32995,Automatic,7017,Hybrid,135,49.6,2.5
 RAV4,2016,19995,Automatic,40827,Hybrid,20,55.4,2.5
 RAV4,2016,20495,Automatic,18000,Hybrid,20,57.6,2.5
 RAV4,2016,21495,Automatic,29489,Hybrid,20,55.4,2.5
 RAV4,2019,29995,Automatic,20124,Hybrid,140,51.1,2.5
 RAV4,2016,20495,Automatic,41060,Hybrid,20,55.4,2.5
 RAV4,2017,20795,Automatic,25000,Hybrid,20,57.6,2.5
 RAV4,2015,11995,Manual,49150,Diesel,125,57.6,2.0
 RAV4,2016,13995,Manual,71046,Diesel,125,60.1,2.0
 RAV4,2014,12995,Manual,69401,Diesel,125,57.6,2.0
 RAV4,2016,14495,Manual,49097,Diesel,125,60.1,2.0
 RAV4,2016,14695,Manual,39591,Diesel,125,60.1,2.0
 RAV4,2019,29498,Automatic,9727,Hybrid,135,49.6,2.5
 RAV4,2019,31498,Automatic,9258,Hybrid,135,49.6,2.5
 RAV4,2014,11498,Automatic,47545,Diesel,260,42.2,2.2
 RAV4,2014,10998,Manual,50709,Diesel,150,53.0,2.0
 RAV4,2017,20498,Automatic,10957,Petrol,150,43.5,2.0
 RAV4,2013,10498,Manual,54057,Diesel,160,49.6,2.2
 RAV4,2015,9998,Manual,60998,Diesel,125,57.6,2.0
 RAV4,2015,12998,Manual,41486,Diesel,145,53.0,2.0
 RAV4,2017,13998,Manual,48713,Diesel,125,60.1,2.0
 RAV4,2017,14698,Manual,50039,Diesel,145,60.1,2.0
 RAV4,2019,28998,Automatic,10910,Hybrid,135,51.1,2.5
 RAV4,2018,19698,Automatic,21893,Petrol,145,43.5,2.0
 RAV4,2015,15298,Semi-Auto,21232,Petrol,235,39.2,2.0
 RAV4,2019,37440,Automatic,2764,Hybrid,135,51.1,2.5
 RAV4,2016,20990,Automatic,18880,Hybrid,20,57.6,2.5
 RAV4,2017,19998,Automatic,10028,Petrol,145,43.5,2.0
 RAV4,2017,20990,Automatic,29515,Hybrid,20,57.6,2.5
 RAV4,2016,23990,Automatic,25614,Hybrid,20,55.4,2.5
 RAV4,2016,23990,Automatic,20101,Hybrid,20,55.4,2.5
 RAV4,2016,13495,Manual,30124,Diesel,125,60.1,2.0
 RAV4,2017,15995,Manual,59205,Diesel,125,60.1,2.0
 RAV4,2016,17495,Automatic,58100,Hybrid,20,55.4,2.5
 RAV4,2014,12998,Automatic,41389,Diesel,260,42.2,2.2
 RAV4,2016,13998,Manual,36030,Diesel,125,60.1,2.0
 RAV4,2017,14998,Manual,32087,Diesel,145,60.1,2.0
 RAV4,2016,19498,Automatic,19618,Hybrid,20,57.6,2.5
 RAV4,2019,34990,Automatic,5000,Hybrid,135,49.6,2.5
 RAV4,2015,9998,Manual,81503,Diesel,125,57.6,2.0
 RAV4,2017,16295,Manual,34633,Diesel,125,60.1,2.0
 RAV4,2016,17495,Automatic,58100,Hybrid,20,55.4,2.5
 RAV4,2017,16295,Manual,34633,Diesel,125,60.1,2.0
 RAV4,2015,13495,Manual,28308,Diesel,150,53.0,2.0
 RAV4,2016,15200,Manual,27232,Diesel,125,60.1,2.0
 RAV4,2017,24070,Automatic,14766,Hybrid,135,55.4,2.5
 RAV4,2016,19970,Automatic,35445,Hybrid,20,57.6,2.5
 RAV4,2019,29570,Automatic,7823,Hybrid,135,51.1,2.5
 RAV4,2017,14498,Manual,41201,Diesel,145,60.1,2.0
 RAV4,2016,17995,Automatic,49254,Hybrid,20,55.4,2.5
 RAV4,2019,27570,Automatic,15581,Hybrid,135,52.3,2.5
 RAV4,2019,34990,Automatic,5660,Hybrid,140,49.6,2.5
 RAV4,2015,14490,Automatic,59454,Diesel,265,42.2,2.2
 RAV4,2017,14495,Manual,37893,Diesel,125,60.1,2.0
 RAV4,2017,23070,Automatic,23605,Hybrid,20,55.4,2.5
 RAV4,2019,29995,Automatic,9709,Hybrid,135,49.6,2.5
 RAV4,2014,9798,Manual,77512,Diesel,145,53.0,2.0
 RAV4,2016,14498,Manual,23485,Diesel,125,60.1,2.0
 RAV4,2016,14998,Manual,28083,Diesel,125,60.1,2.0
 RAV4,2014,11998,Semi-Auto,51258,Petrol,235,39.2,2.0
 RAV4,2014,10995,Manual,59627,Diesel,125,57.6,2.0
 RAV4,2019,27293,Automatic,19814,Hybrid,135,49.6,2.5
 RAV4,2017,19988,Automatic,31057,Hybrid,135,57.6,2.5
 RAV4,2014,9998,Manual,78650,Diesel,160,49.6,2.2
 RAV4,2017,21971,Automatic,37258,Hybrid,20,55.4,2.5
 RAV4,2016,19452,Automatic,27176,Hybrid,20,57.6,2.5
 RAV4,2017,20667,Automatic,25000,Hybrid,20,57.6,2.5
 RAV4,2013,10990,Automatic,45000,Diesel,260,42.2,2.2
 RAV4,2017,18495,Automatic,40101,Hybrid,20,57.6,2.5
 RAV4,2016,13995,Manual,38338,Diesel,125,60.1,2.0
 RAV4,2019,31995,Automatic,11970,Hybrid,140,49.6,2.5
 RAV4,2019,31995,Automatic,11728,Hybrid,140,49.6,2.5
 RAV4,2017,19990,Automatic,29802,Hybrid,135,55.4,2.5
 RAV4,2016,14295,Manual,31887,Diesel,125,60.1,2.0
 RAV4,2017,22795,Automatic,20216,Hybrid,20,55.4,2.5
 RAV4,2016,18500,Automatic,46035,Hybrid,20,55.4,2.5
 RAV4,2015,11495,Manual,44652,Diesel,150,53.0,2.0
 RAV4,2014,10999,Manual,57942,Diesel,145,53.0,2.0
 RAV4,2017,21998,Automatic,13285,Hybrid,135,57.6,2.5
 RAV4,2016,17250,Automatic,60602,Hybrid,20,55.4,2.5
 RAV4,2016,18695,Automatic,46035,Hybrid,20,55.4,2.5
 RAV4,2017,13998,Manual,32815,Diesel,125,60.1,2.0
 RAV4,2014,9780,Manual,88870,Diesel,125,57.6,2.0
 RAV4,2016,18998,Automatic,30117,Hybrid,20,57.6,2.5
 RAV4,2015,10995,Manual,63000,Diesel,165,49.6,2.2
 RAV4,2017,22995,Automatic,28486,Hybrid,20,55.4,2.5
 RAV4,2016,19490,Automatic,30000,Hybrid,20,57.6,2.5
 RAV4,2015,12480,Automatic,45848,Diesel,265,42.2,2.2
 RAV4,2017,21000,Automatic,27999,Hybrid,135,57.6,2.5
 RAV4,2016,21000,Automatic,31059,Hybrid,20,55.4,2.5
 RAV4,2014,10999,Manual,57942,Diesel,145,53.0,2.0
 RAV4,2017,22000,Automatic,19511,Hybrid,20,55.4,2.5
 RAV4,2016,12498,Manual,49814,Diesel,125,60.1,2.0
 RAV4,2018,25500,Automatic,18861,Hybrid,135,55.4,2.5
 RAV4,2017,19998,Automatic,41351,Hybrid,20,55.4,2.5
 RAV4,2013,9990,Manual,59934,Diesel,165,49.6,2.2
 RAV4,2017,16675,Manual,22565,Diesel,125,60.1,2.0
 RAV4,2019,29000,Automatic,10853,Hybrid,135,51.1,2.5
 RAV4,2016,13000,Manual,56437,Diesel,125,60.1,2.0
 RAV4,2016,23000,Automatic,15364,Hybrid,20,55.4,2.5
 RAV4,2013,9945,Manual,62541,Diesel,165,49.6,2.2
 RAV4,2019,33880,Automatic,7576,Hybrid,140,49.6,2.5
 RAV4,2017,21480,Automatic,39833,Hybrid,20,55.4,2.5
 RAV4,2015,13500,Manual,45757,Diesel,125,57.6,2.0
 RAV4,2015,13500,Manual,45757,Diesel,125,57.6,2.0
 RAV4,2019,27790,Automatic,16360,Hybrid,135,51.1,2.5
 RAV4,2016,17795,Automatic,37852,Hybrid,20,57.6,2.5
 RAV4,2016,21298,Automatic,4671,Hybrid,20,57.6,2.5
 RAV4,2016,19287,Automatic,49962,Hybrid,20,55.4,2.5
 RAV4,2013,9250,Manual,70964,Diesel,165,49.6,2.2
 RAV4,2014,11000,Manual,52561,Diesel,125,57.6,2.0
 RAV4,2015,13200,Manual,10763,Diesel,125,57.6,2.0
 RAV4,2019,29980,Automatic,6691,Hybrid,135,49.6,2.5
 RAV4,2016,19995,Automatic,24757,Hybrid,20,57.6,2.5
 RAV4,2016,18995,Automatic,43546,Hybrid,20,55.4,2.5
 RAV4,2017,19480,Automatic,10985,Petrol,200,43.5,2.0
 RAV4,2016,18498,Automatic,31522,Hybrid,20,57.6,2.5
 RAV4,2017,18490,Automatic,30305,Petrol,145,43.5,2.0
 RAV4,2016,19490,Automatic,32311,Hybrid,20,57.6,2.5
 RAV4,2017,22995,Automatic,25889,Hybrid,20,55.4,2.5
 RAV4,2017,18995,Automatic,39000,Hybrid,140,57.6,2.5
 RAV4,2017,18490,Automatic,30724,Petrol,205,43.5,2.0
 RAV4,2014,10490,Manual,67712,Diesel,150,53.0,2.0
 RAV4,2016,16980,Automatic,24560,Petrol,205,43.5,2.0
 RAV4,2014,10995,Manual,49429,Diesel,150,53.0,2.0
 RAV4,2016,21495,Automatic,13586,Hybrid,20,57.6,2.5
 RAV4,2019,33595,Automatic,8000,Hybrid,140,49.6,2.5
 RAV4,2016,14995,Manual,27762,Diesel,125,60.1,2.0
 RAV4,2016,21995,Automatic,16000,Hybrid,20,55.4,2.5
 RAV4,2016,14295,Manual,22262,Diesel,125,60.1,2.0
 RAV4,2017,17390,Automatic,28546,Petrol,205,43.5,2.0
 RAV4,2016,16980,Manual,19570,Diesel,125,60.1,2.0
 RAV4,2017,12998,Manual,57423,Diesel,150,60.1,2.0
 RAV4,2017,20290,Automatic,27498,Hybrid,140,57.6,2.5
 RAV4,2017,20690,Automatic,48265,Hybrid,20,55.4,2.5
 RAV4,2016,13290,Manual,38655,Diesel,125,60.1,2.0
 RAV4,2017,19000,Automatic,16000,Petrol,200,43.5,2.0
 RAV4,2017,20498,Automatic,20829,Hybrid,135,57.6,2.5
 RAV4,2016,19490,Automatic,11544,Hybrid,20,57.6,2.5
 RAV4,2016,21990,Automatic,39039,Hybrid,20,55.4,2.5
 RAV4,2020,31790,Automatic,1652,Hybrid,135,49.6,2.5
 RAV4,2016,15990,Manual,20553,Diesel,125,60.1,2.0
 RAV4,2016,20790,Automatic,32132,Hybrid,20,55.4,2.5
 RAV4,2017,19995,Automatic,30489,Hybrid,140,57.6,2.5
 RAV4,2015,13690,Automatic,50417,Diesel,265,42.2,2.2
 RAV4,2017,21990,Automatic,14562,Hybrid,20,57.6,2.5
 RAV4,2016,18490,Automatic,40049,Hybrid,20,57.6,2.5
 RAV4,2013,11995,Manual,29445,Diesel,160,49.6,2.2
 RAV4,2018,22995,Automatic,13833,Petrol,145,43.5,2.0
 RAV4,2016,18995,Automatic,31492,Hybrid,20,57.6,2.5
 RAV4,2016,18710,Automatic,37971,Hybrid,20,57.6,2.5
 RAV4,2017,18798,Automatic,37386,Hybrid,20,57.6,2.5
 RAV4,2017,20995,Automatic,25601,Hybrid,20,57.6,2.5
 RAV4,2016,13610,Automatic,60841,Petrol,200,43.5,2.0
 RAV4,2017,20990,Automatic,17681,Petrol,145,43.5,2.0
 RAV4,2017,19995,Automatic,39343,Hybrid,20,57.6,2.5
 RAV4,2016,23995,Automatic,16551,Hybrid,20,55.4,2.5
 RAV4,2017,19995,Automatic,29655,Hybrid,140,57.6,2.5
 RAV4,2017,21498,Automatic,21263,Hybrid,20,57.6,2.5
 RAV4,2017,21995,Automatic,22329,Hybrid,20,57.6,2.5
 RAV4,2016,14995,Manual,25801,Diesel,125,60.1,2.0
 RAV4,2015,11795,Automatic,48125,Diesel,260,42.2,2.2
 RAV4,2016,18995,Automatic,46531,Hybrid,20,57.6,2.5
 RAV4,2017,20000,Automatic,25303,Hybrid,20,57.6,2.5
 RAV4,2017,21795,Automatic,22726,Hybrid,20,57.6,2.5
 RAV4,2017,15295,Manual,39624,Diesel,145,60.1,2.0
 RAV4,2017,21095,Automatic,8992,Hybrid,20,57.6,2.5
 RAV4,2017,19995,Automatic,31685,Hybrid,20,55.4,2.5
 RAV4,2017,21500,Automatic,27751,Hybrid,20,55.4,2.5
 RAV4,2018,19990,Automatic,23165,Petrol,145,43.5,2.0
 RAV4,2015,9547,Manual,60148,Diesel,125,57.6,2.0
 RAV4,2018,25980,Automatic,10864,Hybrid,140,55.4,2.5
 RAV4,2020,33995,Automatic,1500,Hybrid,135,51.1,2.5
 RAV4,2017,15995,Manual,22864,Diesel,145,60.1,2.0
 RAV4,2016,14499,Manual,32070,Diesel,125,60.1,2.0
 RAV4,2017,14450,Manual,61000,Diesel,150,60.1,2.0
 RAV4,2016,20349,Automatic,8080,Hybrid,20,57.6,2.5
 RAV4,2016,13900,Manual,14152,Diesel,125,60.1,2.0
 RAV4,2016,18590,Automatic,30635,Hybrid,20,57.6,2.5
 RAV4,2016,13790,Manual,37849,Diesel,125,60.1,2.0
 RAV4,2016,14288,Manual,30100,Diesel,125,60.1,2.0
 RAV4,2015,13499,Manual,18200,Diesel,125,57.6,2.0
 RAV4,2017,16711,Manual,17000,Diesel,125,60.1,2.0
 RAV4,2015,13330,Automatic,36426,Petrol,235,39.2,2.0
 RAV4,2016,13999,Manual,31457,Diesel,125,60.1,2.0
 RAV4,2014,12495,Manual,30726,Diesel,145,53.0,2.0
 RAV4,2016,18999,Automatic,24770,Hybrid,20,57.6,2.5
 RAV4,2017,18562,Manual,11556,Diesel,125,60.1,2.0
 RAV4,2017,15293,Manual,26191,Diesel,125,60.1,2.0
 RAV4,2019,33626,Automatic,7191,Hybrid,135,49.6,2.5
 RAV4,2015,12711,Manual,56203,Diesel,150,53.0,2.0
 RAV4,2013,10311,Manual,57299,Diesel,165,49.6,2.2
 RAV4,2016,20298,Automatic,18078,Hybrid,20,57.6,2.5
 RAV4,2017,17235,Automatic,65452,Hybrid,20,57.6,2.5
 RAV4,2017,21508,Automatic,17807,Hybrid,20,57.6,2.5
 RAV4,2017,21766,Automatic,15507,Hybrid,20,57.6,2.5
 RAV4,2015,12232,Manual,46000,Diesel,150,53.0,2.0
 RAV4,2018,25991,Automatic,13000,Hybrid,140,55.4,2.5
 RAV4,2017,21322,Automatic,19849,Hybrid,20,57.6,2.5
 RAV4,2016,21192,Automatic,24281,Hybrid,20,55.4,2.5
 RAV4,2019,32860,Automatic,4271,Hybrid,135,49.6,2.5
 RAV4,2016,20791,Automatic,35046,Hybrid,20,55.4,2.5
 RAV4,2019,33892,Automatic,7735,Hybrid,135,49.6,2.5
 RAV4,2017,22362,Automatic,7408,Hybrid,20,57.6,2.5
 RAV4,2016,20000,Automatic,13322,Hybrid,20,57.6,2.5
 RAV4,2016,23691,Automatic,13281,Hybrid,20,55.4,2.5
 RAV4,2017,15200,Manual,47026,Diesel,125,60.1,2.0
 RAV4,2017,17995,Automatic,35509,Petrol,205,43.5,2.0
 RAV4,2016,19991,Automatic,25252,Hybrid,20,57.6,2.5
 RAV4,2017,21323,Automatic,19986,Hybrid,20,57.6,2.5
 RAV4,2017,20182,Automatic,25714,Petrol,145,43.5,2.0
 RAV4,2013,10191,Manual,54115,Diesel,160,49.6,2.2
 RAV4,2017,14897,Manual,37100,Diesel,150,60.1,2.0
 RAV4,2016,19599,Automatic,45950,Hybrid,20,55.4,2.5
 RAV4,2015,14999,Automatic,33481,Diesel,260,42.2,2.2
 RAV4,2017,19250,Automatic,34000,Hybrid,20,57.6,2.5
 RAV4,2014,11990,Manual,34050,Diesel,150,53.0,2.0
 RAV4,2015,11999,Manual,64609,Diesel,145,53.0,2.0
 RAV4,2017,15999,Manual,27170,Diesel,150,60.1,2.0
 RAV4,2017,14500,Manual,33432,Diesel,125,60.1,2.0
 RAV4,2016,19999,Automatic,55185,Hybrid,20,57.6,2.5
 RAV4,2019,29550,Automatic,8357,Hybrid,135,49.6,2.5
 RAV4,2017,14695,Manual,40376,Diesel,125,60.1,2.0
 RAV4,2017,18995,Automatic,21676,Petrol,205,43.5,2.0
 RAV4,2016,15495,Automatic,43000,Petrol,205,43.5,2.0
 RAV4,2018,17590,Manual,29883,Diesel,145,60.1,2.0
 RAV4,2017,21999,Automatic,19296,Hybrid,20,57.6,2.5
 RAV4,2019,30000,Automatic,6677,Hybrid,135,49.6,2.5
 RAV4,2017,20750,Automatic,18750,Hybrid,20,55.4,2.5
 RAV4,2017,19999,Automatic,13069,Petrol,150,43.5,2.0
 RAV4,2014,14295,Semi-Auto,31306,Petrol,235,39.2,2.0
 RAV4,2017,23895,Automatic,30524,Hybrid,140,55.4,2.5
 RAV4,2017,20000,Automatic,18800,Hybrid,20,57.6,2.5
 RAV4,2017,21000,Automatic,7700,Hybrid,20,57.6,2.5
 RAV4,2017,17900,Automatic,44687,Hybrid,140,57.6,2.5
 RAV4,2016,17295,Automatic,39510,Hybrid,20,57.6,2.5
 RAV4,2017,15450,Manual,19200,Diesel,125,60.1,2.0
 RAV4,2013,12495,Automatic,30524,Diesel,260,42.2,2.2
 RAV4,2016,21250,Automatic,18501,Hybrid,20,57.6,2.5
 RAV4,2016,22075,Automatic,38000,Hybrid,20,55.4,2.5
 RAV4,2017,20795,Automatic,28128,Hybrid,20,57.6,2.5
 RAV4,2016,19490,Automatic,6254,Petrol,200,43.5,2.0
 RAV4,2016,14650,Manual,22080,Diesel,125,60.1,2.0
 RAV4,2014,10995,Manual,41411,Diesel,125,57.6,2.0
 RAV4,2016,19990,Automatic,26128,Hybrid,20,57.6,2.5
 RAV4,2016,20790,Automatic,32196,Hybrid,20,55.4,2.5
 RAV4,2017,18000,Automatic,33128,Petrol,205,43.5,2.0
 RAV4,2016,14010,Manual,47000,Diesel,125,60.1,2.0
 RAV4,2017,16000,Manual,38000,Diesel,145,60.1,2.0
 RAV4,2013,10500,Manual,57962,Diesel,160,49.6,2.2
 RAV4,2017,25000,Automatic,22860,Hybrid,20,55.4,2.5
 RAV4,2017,14795,Manual,47362,Diesel,125,60.1,2.0
 RAV4,2017,20870,Automatic,30096,Hybrid,135,57.6,2.5
 RAV4,2017,15995,Manual,18000,Diesel,125,60.1,2.0
 RAV4,2016,20250,Automatic,29200,Hybrid,20,57.6,2.5
 RAV4,2017,15750,Manual,32804,Diesel,150,60.1,2.0
 RAV4,2016,20995,Automatic,40006,Hybrid,20,57.6,2.5
 RAV4,2013,12295,Manual,43573,Diesel,125,57.6,2.0
 RAV4,2017,15895,Manual,42810,Diesel,125,60.1,2.0
 RAV4,2017,17295,Manual,31057,Diesel,150,60.1,2.0
 RAV4,2016,23995,Automatic,23750,Hybrid,20,55.4,2.5
 RAV4,2017,18995,Automatic,40312,Hybrid,135,57.6,2.5
 RAV4,2016,15995,Manual,37531,Diesel,125,60.1,2.0
 RAV4,2017,22995,Automatic,31284,Hybrid,135,55.4,2.5
 RAV4,2016,21995,Automatic,22531,Hybrid,20,55.4,2.5
 RAV4,2015,11395,Manual,66973,Diesel,125,57.6,2.0
 RAV4,2017,19862,Automatic,42596,Hybrid,20,57.6,2.5
 RAV4,2016,21018,Automatic,57500,Hybrid,20,57.6,2.5
 RAV4,2017,20112,Automatic,62734,Hybrid,20,55.4,2.5
 RAV4,2016,20495,Automatic,32754,Petrol,200,43.5,2.0
 RAV4,2019,32495,Automatic,12740,Hybrid,135,49.6,2.5
 RAV4,2017,21395,Automatic,53569,Hybrid,20,55.4,2.5
 RAV4,2018,22346,Automatic,10116,Petrol,145,48.7,2.0
 RAV4,2016,21271,Automatic,27361,Hybrid,20,55.4,2.5
 RAV4,2015,11804,Manual,38999,Diesel,125,57.6,2.0
 RAV4,2016,18995,Automatic,47339,Hybrid,20,57.6,2.5
 RAV4,2020,36500,Automatic,1114,Hybrid,135,49.6,2.5
 RAV4,2016,16700,Automatic,63016,Hybrid,20,57.6,2.5
 RAV4,2015,10500,Manual,52462,Diesel,125,57.6,2.0
 RAV4,2016,21000,Automatic,14000,Hybrid,20,57.6,2.5
 RAV4,2015,14000,Automatic,47291,Diesel,265,42.2,2.2
 RAV4,2017,19000,Automatic,25981,Petrol,145,43.5,2.0
 RAV4,2016,22000,Automatic,37713,Hybrid,20,55.4,2.5
 RAV4,2016,13599,Manual,43733,Diesel,125,60.1,2.0
 RAV4,2016,19545,Automatic,51242,Hybrid,20,55.4,2.5
 RAV4,2016,16217,Automatic,24431,Petrol,200,43.5,2.0
 RAV4,2017,20750,Automatic,25596,Hybrid,20,57.6,2.5
 RAV4,2019,29903,Automatic,9000,Hybrid,140,51.1,2.5
 RAV4,2013,11270,Automatic,67000,Diesel,265,42.2,2.2
 RAV4,2017,21995,Automatic,32480,Hybrid,20,57.6,2.5
 RAV4,2017,21692,Automatic,23237,Hybrid,135,57.6,2.5
 RAV4,2017,22485,Automatic,32814,Hybrid,20,55.4,2.5
 RAV4,2018,27006,Automatic,13627,Hybrid,135,55.4,2.5
 RAV4,2016,20444,Automatic,16745,Hybrid,20,57.6,2.5
 RAV4,2016,17750,Automatic,18863,Petrol,205,43.5,2.0
 RAV4,2017,20999,Automatic,11500,Petrol,200,43.5,2.0
 RAV4,2017,17995,Manual,36000,Diesel,125,60.1,2.0
 RAV4,2017,18991,Automatic,33900,Petrol,150,43.5,2.0
 RAV4,2013,9991,Manual,63808,Diesel,165,49.6,2.2
 RAV4,2016,23490,Automatic,26895,Hybrid,20,55.4,2.5
 RAV4,2019,29900,Automatic,16885,Hybrid,135,49.6,2.5
 RAV4,2014,10201,Manual,58941,Diesel,150,53.0,2.0
 RAV4,2013,13495,Semi-Auto,34201,Petrol,235,39.2,2.0
 RAV4,2016,19995,Automatic,41643,Hybrid,20,57.6,2.5
 RAV4,2016,19995,Automatic,31186,Hybrid,20,57.6,2.5
 RAV4,2016,20595,Automatic,27816,Hybrid,20,57.6,2.5
 RAV4,2016,17695,Automatic,26650,Petrol,200,43.5,2.0
 RAV4,2016,18823,Automatic,30045,Hybrid,20,57.6,2.5
 RAV4,2016,20066,Automatic,18976,Hybrid,20,57.6,2.5
 RAV4,2016,18796,Automatic,40586,Hybrid,20,57.6,2.5
 RAV4,2019,30999,Automatic,10768,Hybrid,140,51.1,2.5
 RAV4,2017,19995,Automatic,15375,Petrol,200,43.5,2.0
 RAV4,2016,20491,Automatic,11098,Hybrid,20,57.6,2.5
 RAV4,2017,20380,Automatic,26018,Hybrid,20,57.6,2.5
 RAV4,2013,8990,Manual,70400,Diesel,160,49.6,2.2
 RAV4,2014,10495,Manual,52429,Diesel,150,53.0,2.0
 RAV4,2016,20608,Automatic,19000,Hybrid,20,57.6,2.5
 RAV4,2016,19362,Automatic,50752,Hybrid,20,57.6,2.5
 RAV4,2014,10244,Manual,56822,Diesel,125,57.6,2.0
 RAV4,2019,35955,Automatic,2984,Hybrid,135,49.6,2.5
 RAV4,2017,18229,Automatic,23658,Petrol,145,43.5,2.0
 RAV4,2010,6250,Manual,91500,Diesel,200,48.7,2.2
 RAV4,2011,7500,Automatic,87200,Diesel,300,39.8,2.2
 RAV4,2007,4395,Manual,73000,Diesel,235,42.8,2.2
 RAV4,2019,28222,Automatic,10570,Hybrid,140,49.6,2.5
 RAV4,2012,9995,Manual,42226,Diesel,200,47.1,2.2
 RAV4,2005,3695,Manual,105000,Diesel,300,39.8,2.0
 RAV4,2005,3495,Manual,99000,Diesel,300,39.8,2.0
 RAV4,2015,13800,Automatic,31015,Diesel,260,42.2,2.2
 RAV4,2014,11450,Automatic,52079,Diesel,260,42.2,2.2
 RAV4,2017,15574,Manual,32837,Diesel,145,60.1,2.0
 RAV4,2017,17995,Automatic,31250,Petrol,200,43.5,2.0
 RAV4,2017,20000,Automatic,18278,Hybrid,20,57.6,2.5
 RAV4,2015,15199,Automatic,32611,Petrol,235,39.2,2.0
 RAV4,2016,13750,Manual,29005,Diesel,125,60.1,2.0
 RAV4,2015,10985,Manual,60777,Diesel,150,53.0,2.0
 RAV4,2013,10440,Manual,49450,Diesel,125,57.6,2.0
 RAV4,2015,14495,Automatic,34457,Petrol,235,39.2,2.0
 RAV4,2012,9939,Manual,31151,Diesel,200,47.1,2.2
 RAV4,2017,17995,Automatic,36826,Petrol,200,43.5,2.0
 RAV4,2016,11199,Manual,81033,Diesel,125,60.1,2.0
 RAV4,2017,12499,Manual,53813,Diesel,125,60.1,2.0
 RAV4,2019,32995,Automatic,9000,Hybrid,140,49.6,2.5
 RAV4,2017,18995,Automatic,20136,Petrol,200,43.5,2.0
 RAV4,2017,19695,Automatic,33728,Hybrid,135,57.6,2.5
 RAV4,2015,15495,Automatic,24912,Petrol,235,39.2,2.0
 RAV4,2017,16200,Manual,31696,Diesel,145,60.1,2.0
 RAV4,2017,22461,Automatic,27849,Hybrid,135,55.4,2.5
 RAV4,2017,17295,Manual,23340,Diesel,125,60.1,2.0
 RAV4,2015,13700,Automatic,44095,Diesel,265,42.2,2.2
 RAV4,2016,21495,Automatic,15100,Hybrid,20,57.6,2.5
 RAV4,2014,11400,Manual,36933,Diesel,145,53.0,2.0
 RAV4,2016,21000,Automatic,33195,Hybrid,20,55.4,2.5
 RAV4,2017,14600,Manual,37393,Diesel,145,60.1,2.0
 RAV4,2014,10985,Automatic,80933,Diesel,260,42.2,2.2
 RAV4,2016,20800,Automatic,38101,Hybrid,20,55.4,2.5
 RAV4,2015,12100,Manual,54520,Diesel,125,57.6,2.0
 RAV4,2015,13000,Manual,42284,Diesel,145,53.0,2.0
 RAV4,2014,9985,Manual,63388,Diesel,145,53.0,2.0
 RAV4,2019,29985,Automatic,10709,Hybrid,140,49.6,2.5
 RAV4,2017,16985,Automatic,50808,Hybrid,135,57.6,2.5
 RAV4,2019,28985,Automatic,16709,Hybrid,140,51.1,2.5
 RAV4,2016,16000,Automatic,101510,Hybrid,20,55.4,2.5
 RAV4,2016,19500,Automatic,48980,Hybrid,20,55.4,2.5
 RAV4,2014,13975,Automatic,27549,Diesel,260,42.2,2.2
 RAV4,2016,19975,Automatic,56772,Hybrid,20,55.4,2.5
 RAV4,2018,22975,Automatic,11227,Petrol,145,43.5,2.0
 RAV4,2006,3499,Manual,71356,Diesel,300,39.8,2.0
 RAV4,2007,4295,Manual,63742,Diesel,235,42.8,2.2
 RAV4,2016,17999,Automatic,37185,Hybrid,20,57.6,2.5
 RAV4,2016,12499,Manual,58056,Diesel,125,60.1,2.0
 RAV4,2017,23499,Automatic,15236,Hybrid,20,55.4,2.5
 RAV4,2019,33950,Automatic,9125,Hybrid,140,49.6,2.5
 RAV4,2017,18950,Automatic,26774,Petrol,200,43.5,2.0
 RAV4,2013,7895,Manual,101800,Diesel,160,49.6,2.2
 RAV4,2016,15000,Automatic,122280,Hybrid,20,55.4,2.5
 RAV4,2007,2991,Manual,120870,Diesel,235,42.8,2.2
 RAV4,2016,22499,Automatic,18194,Hybrid,20,55.4,2.5
 RAV4,2014,13950,Manual,30400,Diesel,160,49.6,2.2
 RAV4,2019,27950,Automatic,10639,Hybrid,135,51.1,2.5
 RAV4,2016,18795,Automatic,57000,Hybrid,20,55.4,2.5
 RAV4,2009,4995,Manual,114321,Petrol,235,38.2,2.0
 RAV4,2008,3995,Manual,103000,Diesel,240,42.8,2.2
 RAV4,2017,20991,Automatic,41000,Hybrid,20,55.4,2.5
 RAV4,2017,14950,Manual,42543,Diesel,125,60.1,2.0
 RAV4,2019,36450,Automatic,1756,Hybrid,135,49.6,2.5
 RAV4,2017,15950,Manual,28863,Diesel,125,60.1,2.0
 RAV4,2017,19450,Automatic,15182,Petrol,145,43.5,2.0
 RAV4,2013,12950,Manual,52574,Diesel,160,49.6,2.2
 RAV4,2008,2595,Manual,98000,Diesel,240,42.8,2.2
 RAV4,2017,22450,Automatic,28952,Hybrid,20,55.4,2.5
 RAV4,2016,14299,Automatic,81051,Hybrid,20,57.6,2.5
 RAV4,2017,15793,Manual,25447,Diesel,125,60.1,2.0
 RAV4,2016,12990,Manual,61996,Diesel,125,60.1,2.0
 RAV4,2012,8995,Manual,49255,Diesel,200,47.1,2.2
 RAV4,2013,12495,Automatic,39555,Diesel,265,42.2,2.2
 RAV4,2017,12990,Manual,61680,Diesel,125,60.1,2.0
 RAV4,2019,32993,Automatic,6102,Hybrid,135,49.6,2.5
 RAV4,2012,7095,Manual,82000,Diesel,200,47.1,2.2
 RAV4,2015,13495,Automatic,58974,Diesel,265,42.2,2.2
 RAV4,2015,11750,Manual,55235,Diesel,160,49.6,2.0
 RAV4,2013,9495,Manual,55389,Diesel,125,57.6,2.0
 RAV4,2006,4495,Manual,68000,Diesel,260,40.4,2.2
 RAV4,2013,11995,Manual,35921,Diesel,165,49.6,2.2
 RAV4,2011,7975,Automatic,57620,Diesel,300,39.8,2.2
 RAV4,2008,5195,Automatic,61000,Petrol,330,31.4,2.0
 RAV4,2015,11500,Manual,64928,Diesel,145,53.0,2.0
 RAV4,2005,2394,Manual,113000,Petrol,325,32.1,2.0
 RAV4,2016,18795,Automatic,57000,Hybrid,20,55.4,2.5
 RAV4,2019,28795,Automatic,8639,Hybrid,140,51.1,2.5
 RAV4,2012,6980,Manual,74510,Diesel,205,47.1,2.2
 RAV4,2017,14400,Manual,39839,Diesel,125,60.1,2.0
 RAV4,2017,18000,Automatic,26972,Other,205,43.5,2.0
 RAV4,2017,20000,Automatic,4909,Other,200,43.5,2.0
 RAV4,2013,11000,Manual,63251,Diesel,165,49.6,2.2
 RAV4,2016,21500,Automatic,15297,Hybrid,20,57.6,2.5
 RAV4,2017,19200,Automatic,25362,Petrol,200,43.5,2.0
 RAV4,2016,16249,Automatic,27427,Other,200,43.5,2.0
 RAV4,2017,22995,Automatic,1454,Hybrid,140,57.6,2.5
 RAV4,2016,22990,Automatic,25632,Hybrid,20,55.4,2.5
 RAV4,2002,1600,Manual,140000,Petrol,325,32.1,2.0
 RAV4,2017,22495,Automatic,20431,Hybrid,20,57.6,2.5
 RAV4,2017,22995,Automatic,28076,Hybrid,20,55.4,2.5
 RAV4,2016,21990,Automatic,33390,Hybrid,20,55.4,2.5
 RAV4,2016,17990,Automatic,72865,Hybrid,20,55.4,2.5
 RAV4,2019,36990,Automatic,7000,Hybrid,135,49.6,2.5
 RAV4,2019,32990,Automatic,5944,Hybrid,135,49.6,2.5
 RAV4,2017,19990,Automatic,39392,Hybrid,135,57.6,2.5
 RAV4,2016,18990,Automatic,24508,Petrol,200,43.5,2.0
 RAV4,2008,4480,Automatic,116000,Petrol,330,31.4,2.0
 RAV4,2015,14490,Manual,22073,Diesel,160,49.6,2.2
 RAV4,2016,19400,Automatic,15632,Hybrid,20,57.6,2.5
 RAV4,2017,17500,Automatic,26666,Hybrid,135,57.6,2.5
 RAV4,2017,18500,Automatic,31620,Hybrid,135,57.6,2.5
 RAV4,2019,30480,Automatic,7116,Hybrid,140,49.6,2.5
 RAV4,2017,16900,Automatic,50732,Hybrid,20,57.6,2.5
 RAV4,2017,22900,Automatic,14873,Hybrid,20,57.6,2.5
 RAV4,2016,20998,Automatic,31253,Hybrid,20,57.6,2.5
 RAV4,2019,30000,Automatic,8406,Hybrid,140,49.6,2.5
 RAV4,2017,19999,Automatic,12502,Petrol,20,57.6,2.5
 RAV4,2020,34995,Automatic,8500,Hybrid,135,49.6,2.5
 RAV4,2016,19995,Automatic,12442,Petrol,200,43.5,2.0
 RAV4,2003,3995,Manual,65456,Petrol,235,38.2,1.8
 RAV4,2004,5495,Automatic,45229,Petrol,330,30.4,2.0
 RAV4,2017,19990,Automatic,23000,Hybrid,20,57.6,2.5
 RAV4,2019,30495,Automatic,10654,Hybrid,140,49.6,2.5
 RAV4,2019,30495,Automatic,7984,Hybrid,140,49.6,2.5
 RAV4,2017,22690,Automatic,16226,Hybrid,20,57.6,2.5
 RAV4,2016,20960,Automatic,20626,Hybrid,20,57.6,2.5
 RAV4,2016,18200,Automatic,55199,Hybrid,20,57.6,2.5
 RAV4,2017,14995,Manual,20125,Diesel,125,60.1,2.0
 RAV4,2014,10995,Manual,77000,Diesel,160,49.6,2.2
 RAV4,2016,20995,Automatic,22105,Hybrid,20,57.6,2.5
 RAV4,2016,19495,Automatic,6574,Other,200,43.5,2.0
 RAV4,2017,19695,Automatic,22591,Petrol,205,43.5,2.0
 RAV4,2017,18995,Automatic,28970,Hybrid,140,57.6,2.5
 RAV4,2012,10490,Automatic,52000,Diesel,300,39.2,2.2
 Yaris,2019,14000,Automatic,6821,Petrol,150,47.9,1.5
 Yaris,2018,10750,Manual,14000,Petrol,145,58.9,1.5
 Yaris,2016,11500,Automatic,31911,Hybrid,0,78.0,1.5
 Yaris,2014,8500,Automatic,72053,Hybrid,0,76.3,1.5
 Yaris,2017,8750,Manual,32594,Petrol,150,58.9,1.5
 Yaris,2019,15000,Automatic,1401,Hybrid,140,76.3,1.5
 Yaris,2020,14750,Manual,574,Petrol,150,47.9,1.5
 Yaris,2016,12500,Automatic,23150,Hybrid,0,78.0,1.5
 Yaris,2018,12250,Manual,6821,Petrol,145,56.5,1.5
 Yaris,2019,11750,Manual,2408,Petrol,145,47.9,1.5
 Yaris,2018,12000,Manual,14550,Petrol,145,56.5,1.5
 Yaris,2019,13500,Manual,2157,Petrol,145,47.9,1.5
 Yaris,2019,11298,Manual,9785,Petrol,145,47.9,1.5
 Yaris,2018,10498,Manual,23354,Petrol,145,56.5,1.5
 Yaris,2019,11995,Manual,5571,Petrol,145,47.9,1.5
 Yaris,2014,4850,Manual,61170,Petrol,30,58.9,1.0
 Yaris,2016,12695,Automatic,15945,Hybrid,0,78.0,1.5
 Yaris,2014,10495,Automatic,29452,Hybrid,0,78.0,1.5
 Yaris,2017,8998,Manual,22210,Petrol,30,58.0,1.3
 Yaris,2016,8298,Manual,26633,Petrol,30,58.0,1.3
 Yaris,2013,5998,Manual,29257,Petrol,125,52.3,1.3
 Yaris,2017,8998,Manual,32009,Petrol,145,65.7,1.0
 Yaris,2017,8998,Manual,22420,Petrol,145,58.9,1.5
 Yaris,2018,10298,Manual,15588,Petrol,145,58.9,1.5
 Yaris,2018,8998,Manual,17120,Petrol,145,58.9,1.5
 Yaris,2016,8998,Manual,9342,Petrol,30,58.0,1.3
 Yaris,2017,9498,Manual,23277,Petrol,30,55.0,1.3
 Yaris,2017,8298,Manual,23317,Petrol,30,58.0,1.3
 Yaris,2017,10298,Manual,12090,Petrol,145,58.9,1.5
 Yaris,2017,9698,Manual,11016,Petrol,30,55.0,1.3
 Yaris,2015,7498,Manual,40683,Petrol,30,55.0,1.3
 Yaris,2013,5298,Manual,33072,Petrol,30,58.9,1.0
 Yaris,2019,13698,Automatic,8388,Hybrid,140,76.3,1.5
 Yaris,2016,8995,Manual,17876,Petrol,30,55.0,1.3
 Yaris,2015,6798,Manual,37425,Petrol,30,58.0,1.3
 Yaris,2015,9998,Automatic,49026,Hybrid,0,78.0,1.5
 Yaris,2018,10298,Manual,10525,Petrol,145,58.9,1.5
 Yaris,2017,8498,Manual,16527,Petrol,30,58.0,1.3
 Yaris,2018,14495,Automatic,7562,Hybrid,135,76.3,1.5
 Yaris,2019,16310,Automatic,1816,Hybrid,135,76.3,1.5
 Yaris,2016,10572,Automatic,35588,Hybrid,0,86.0,1.5
 Yaris,2018,9212,Manual,42000,Petrol,145,58.9,1.5
 Yaris,2020,12995,Manual,976,Petrol,145,47.9,1.5
 Yaris,2014,8995,Semi-Auto,36555,Petrol,30,55.4,1.3
 Yaris,2016,7995,Manual,24790,Petrol,0,66.0,1.0
 Yaris,2017,9995,Manual,25724,Petrol,30,55.0,1.3
 Yaris,2015,10895,Automatic,34012,Hybrid,0,78.0,1.5
 Yaris,2015,8995,Manual,18980,Petrol,30,55.0,1.3
 Yaris,2017,8995,Manual,15500,Petrol,30,58.0,1.3
 Yaris,2019,11747,Manual,14026,Petrol,145,47.9,1.5
 Yaris,2015,10498,Automatic,29311,Hybrid,0,78.0,1.5
 Yaris,2018,9998,Manual,26413,Petrol,145,58.9,1.5
 Yaris,2014,8498,Automatic,57677,Hybrid,0,80.7,1.5
 Yaris,2013,10498,Automatic,9425,Hybrid,0,80.7,1.5
 Yaris,2016,11495,Automatic,9500,Hybrid,0,86.0,1.5
 Yaris,2017,10495,Manual,10360,Petrol,30,55.0,1.3
 Yaris,2018,9798,Manual,11935,Petrol,145,58.9,1.5
 Yaris,2015,6995,Manual,33000,Petrol,0,66.0,1.0
 Yaris,2016,8590,Manual,13082,Petrol,30,58.0,1.3
 Yaris,2016,7498,Manual,30856,Petrol,30,58.0,1.3
 Yaris,2014,9998,Automatic,23073,Hybrid,0,76.3,1.5
 Yaris,2019,11995,Manual,8050,Petrol,145,47.9,1.5
 Yaris,2016,9298,Manual,27924,Petrol,30,55.0,1.3
 Yaris,2019,8495,Manual,14778,Petrol,145,56.5,1.5
 Yaris,2014,9795,Automatic,29759,Hybrid,0,80.7,1.5
 Yaris,2018,11895,Manual,12500,Petrol,145,56.5,1.5
 Yaris,2017,9995,Manual,10360,Petrol,145,58.9,1.5
 Yaris,2019,14495,Automatic,15100,Hybrid,135,76.3,1.5
 Yaris,2013,6998,Manual,17121,Petrol,125,51.4,1.3
 Yaris,2015,10998,Automatic,34802,Hybrid,0,78.0,1.5
 Yaris,2014,6995,Manual,67441,Petrol,125,52.3,1.3
 Yaris,2017,8498,Manual,23995,Petrol,30,58.0,1.3
 Yaris,2017,12498,Automatic,11485,Hybrid,0,86.0,1.5
 Yaris,2017,10295,Manual,15700,Petrol,145,58.9,1.5
 Yaris,2016,8998,Manual,13347,Petrol,30,58.0,1.3
 Yaris,2014,8998,Automatic,56307,Hybrid,0,76.3,1.5
 Yaris,2016,7998,Manual,20833,Petrol,30,58.0,1.3
 Yaris,2017,9498,Manual,31512,Petrol,145,55.0,1.3
 Yaris,2018,10695,Manual,11323,Petrol,145,58.9,1.5
 Yaris,2018,9998,Manual,19701,Petrol,145,47.1,1.5
 Yaris,2014,6498,Manual,20718,Petrol,125,52.3,1.3
 Yaris,2017,8298,Manual,29855,Petrol,30,58.0,1.3
 Yaris,2016,8698,Manual,8484,Petrol,0,66.0,1.0
 Yaris,2015,6195,Manual,44277,Petrol,30,58.0,1.3
 Yaris,2014,9998,Automatic,23998,Hybrid,0,76.3,1.5
 Yaris,2014,6498,Manual,34866,Petrol,125,51.4,1.3
 Yaris,2016,9498,Manual,20779,Petrol,30,55.0,1.3
 Yaris,2019,13498,Manual,1373,Petrol,145,47.9,1.5
 Yaris,2014,5998,Manual,50425,Petrol,30,58.0,1.3
 Yaris,2017,7998,Manual,35655,Petrol,30,58.0,1.3
 Yaris,2016,7998,Manual,37119,Petrol,30,58.0,1.3
 Yaris,2016,7998,Manual,25000,Petrol,30,58.0,1.3
 Yaris,2016,7298,Manual,8246,Petrol,0,66.0,1.0
 Yaris,2013,5498,Manual,43602,Petrol,125,52.3,1.3
 Yaris,2017,8698,Manual,27980,Petrol,30,58.0,1.3
 Yaris,2016,11498,Automatic,23191,Hybrid,0,86.0,1.5
 Yaris,2016,8698,Automatic,39513,Petrol,30,55.0,1.3
 Yaris,2018,10998,Manual,24584,Petrol,145,56.5,1.5
 Yaris,2016,7698,Manual,35987,Petrol,30,58.0,1.3
 Yaris,2017,8498,Manual,27154,Petrol,30,58.0,1.3
 Yaris,2016,7498,Manual,30712,Petrol,30,58.0,1.3
 Yaris,2016,8698,Manual,24709,Petrol,30,58.0,1.3
 Yaris,2016,7998,Manual,30159,Petrol,30,58.0,1.3
 Yaris,2013,5698,Manual,36253,Petrol,30,58.9,1.0
 Yaris,2017,9230,Manual,4312,Petrol,30,58.0,1.3
 Yaris,2013,4998,Manual,65545,Petrol,30,58.9,1.0
 Yaris,2017,9998,Manual,13498,Petrol,30,55.0,1.3
 Yaris,2016,8998,Manual,17221,Petrol,30,55.0,1.3
 Yaris,2016,7998,Manual,30233,Petrol,30,58.0,1.3
 Yaris,2017,9998,Manual,22500,Petrol,145,55.0,1.3
 Yaris,2017,10998,Manual,9844,Petrol,30,55.0,1.3
 Yaris,2017,9998,Manual,19285,Petrol,145,56.5,1.5
 Yaris,2017,9998,Manual,15208,Petrol,145,56.5,1.5
 Yaris,2017,9498,Manual,20624,Petrol,145,58.9,1.5
 Yaris,2014,6998,Manual,24900,Petrol,125,51.4,1.3
 Yaris,2015,6998,Manual,35700,Petrol,30,58.0,1.3
 Yaris,2016,7298,Manual,17001,Petrol,0,66.0,1.0
 Yaris,2016,12998,Automatic,10398,Hybrid,0,78.0,1.5
 Yaris,2017,9998,Manual,30241,Petrol,145,56.5,1.5
 Yaris,2017,9698,Manual,30996,Petrol,145,56.5,1.5
 Yaris,2017,12698,Automatic,32245,Hybrid,135,67.3,1.5
 Yaris,2017,9998,Manual,18837,Petrol,150,58.9,1.5
 Yaris,2019,12898,Manual,3120,Petrol,150,47.9,1.5
 Yaris,2015,8998,Automatic,16821,Petrol,30,58.0,1.3
 Yaris,2016,6998,Manual,22169,Petrol,0,66.0,1.0
 Yaris,2016,7298,Manual,34586,Petrol,30,58.0,1.3
 Yaris,2016,8998,Manual,16197,Petrol,30,58.0,1.3
 Yaris,2016,8998,Manual,16471,Petrol,30,58.0,1.3
 Yaris,2015,7298,Manual,32601,Petrol,30,55.0,1.3
 Yaris,2017,9498,Manual,10696,Petrol,30,58.0,1.3
 Yaris,2016,8698,Manual,18993,Petrol,30,58.0,1.3
 Yaris,2017,12498,Automatic,20644,Hybrid,0,78.0,1.5
 Yaris,2017,10495,Automatic,24311,Petrol,30,58.0,1.3
 Yaris,2016,9498,Manual,6849,Petrol,30,55.0,1.3
 Yaris,2017,11998,Automatic,42788,Hybrid,0,78.0,1.5
 Yaris,2017,9698,Manual,7601,Petrol,30,55.0,1.3
 Yaris,2017,10298,Manual,14020,Petrol,145,58.9,1.5
 Yaris,2017,8998,Manual,19404,Petrol,145,58.9,1.5
 Yaris,2015,11498,Automatic,15281,Hybrid,0,78.0,1.5
 Yaris,2017,9498,Manual,24306,Petrol,145,58.9,1.5
 Yaris,2014,6350,Manual,38996,Petrol,125,52.3,1.3
 Yaris,2015,7291,Manual,19450,Petrol,0,66.0,1.0
 Yaris,2013,5698,Manual,51358,Petrol,125,51.4,1.3
 Yaris,2018,9990,Manual,36526,Petrol,150,58.9,1.5
 Yaris,2015,6443,Manual,40039,Petrol,30,58.0,1.3
 Yaris,2015,6641,Manual,40070,Petrol,30,58.0,1.3
 Yaris,2017,8998,Manual,3601,Petrol,30,58.0,1.3
 Yaris,2013,6998,Semi-Auto,37825,Petrol,30,55.4,1.3
 Yaris,2017,13498,Automatic,7469,Hybrid,135,76.3,1.5
 Yaris,2016,13590,Automatic,10320,Hybrid,0,78.0,1.5
 Yaris,2018,10440,Manual,24155,Petrol,145,58.9,1.5
 Yaris,2017,9440,Manual,28502,Petrol,145,58.9,1.5
 Yaris,2017,9440,Manual,20115,Petrol,145,58.9,1.5
 Yaris,2016,10998,Automatic,17669,Petrol,30,55.0,1.3
 Yaris,2017,8498,Manual,18624,Petrol,30,58.0,1.3
 Yaris,2018,10990,Manual,15958,Petrol,150,58.9,1.5
 Yaris,2018,12690,Automatic,8965,Petrol,150,60.1,1.5
 Yaris,2019,13495,Manual,200,Petrol,145,47.9,1.5
 Yaris,2019,17990,Automatic,3471,Hybrid,135,76.3,1.5
 Yaris,2018,10998,Manual,8227,Petrol,145,47.1,1.5
 Yaris,2017,9998,Manual,5019,Petrol,145,65.7,1.0
 Yaris,2016,7998,Manual,25509,Petrol,30,58.0,1.3
 Yaris,2019,13498,Manual,2224,Petrol,145,47.9,1.5
 Yaris,2017,8898,Manual,16045,Petrol,30,58.0,1.3
 Yaris,2016,8298,Manual,26856,Petrol,30,58.0,1.3
 Yaris,2017,9998,Manual,10346,Petrol,145,56.5,1.5
 Yaris,2013,8880,Automatic,33618,Hybrid,0,80.7,1.5
 Yaris,2018,11290,Manual,15699,Petrol,145,47.1,1.5
 Yaris,2018,12990,Automatic,16463,Hybrid,135,76.3,1.5
 Yaris,2018,14440,Automatic,13146,Hybrid,135,67.3,1.5
 Yaris,2017,10298,Manual,12743,Petrol,150,58.9,1.5
 Yaris,2018,9895,Manual,21403,Petrol,145,58.9,1.5
 Yaris,2016,8498,Manual,20249,Petrol,30,58.0,1.3
 Yaris,2017,10998,Manual,7350,Petrol,150,56.5,1.5
 Yaris,2017,10298,Manual,22350,Petrol,150,56.5,1.5
 Yaris,2015,10498,Automatic,41321,Hybrid,0,78.0,1.5
 Yaris,2019,11995,Manual,11424,Petrol,145,47.9,1.5
 Yaris,2017,11995,Automatic,20050,Hybrid,0,86.0,1.5
 Yaris,2017,8995,Manual,30419,Petrol,30,58.0,1.3
 Yaris,2013,6920,Semi-Auto,51642,Petrol,125,53.3,1.3
 Yaris,2017,9420,Manual,7788,Petrol,30,58.0,1.3
 Yaris,2018,12990,Automatic,8125,Petrol,145,47.1,1.5
 Yaris,2016,7998,Manual,22500,Petrol,30,58.0,1.3
 Yaris,2017,8298,Manual,13120,Petrol,30,58.0,1.3
 Yaris,2018,10498,Manual,13859,Petrol,150,58.9,1.5
 Yaris,2015,6698,Manual,29015,Petrol,0,66.0,1.0
 Yaris,2016,10495,Automatic,45211,Hybrid,0,86.0,1.5
 Yaris,2016,11990,Automatic,27602,Hybrid,0,86.0,1.5
 Yaris,2017,9698,Manual,24260,Petrol,145,58.9,1.5
 Yaris,2014,5998,Manual,49374,Petrol,125,52.3,1.3
 Yaris,2016,11698,Automatic,35098,Hybrid,0,78.0,1.5
 Yaris,2017,10498,Manual,9857,Petrol,30,55.0,1.3
 Yaris,2016,9498,Automatic,37871,Hybrid,0,86.0,1.5
 Yaris,2016,7495,Manual,52000,Diesel,0,80.7,1.4
 Yaris,2019,16995,Automatic,7320,Hybrid,135,67.3,1.5
 Yaris,2018,12990,Automatic,26566,Hybrid,135,76.3,1.5
 Yaris,2018,13780,Automatic,20675,Hybrid,135,76.3,1.5
 Yaris,2017,13070,Automatic,14200,Hybrid,0,86.0,1.5
 Yaris,2017,8695,Manual,28204,Petrol,145,58.9,1.5
 Yaris,2016,9498,Automatic,23173,Petrol,30,58.0,1.3
 Yaris,2017,9998,Manual,28548,Petrol,30,55.0,1.3
 Yaris,2016,12070,Automatic,21805,Hybrid,0,78.0,1.5
 Yaris,2017,12995,Automatic,20050,Hybrid,0,86.0,1.5
 Yaris,2017,11990,Automatic,13196,Petrol,150,60.1,1.5
 Yaris,2016,8570,Manual,29466,Petrol,30,55.0,1.3
 Yaris,2018,9990,Manual,8011,Petrol,150,58.9,1.5
 Yaris,2014,4995,Manual,53854,Petrol,125,52.3,1.3
 Yaris,2016,6495,Manual,25345,Petrol,0,66.0,1.0
 Yaris,2016,13870,Automatic,15821,Hybrid,0,78.0,1.5
 Yaris,2019,11998,Manual,1404,Petrol,150,47.9,1.5
 Yaris,2016,8070,Manual,32685,Petrol,0,66.0,1.0
 Yaris,2014,10460,Automatic,29847,Hybrid,0,78.0,1.5
 Yaris,2019,12570,Manual,8579,Petrol,145,47.9,1.5
 Yaris,2017,12570,Automatic,26758,Hybrid,140,76.3,1.5
 Yaris,2018,10790,Manual,16424,Petrol,145,58.9,1.5
 Yaris,2019,11490,Manual,8793,Petrol,150,47.9,1.5
 Yaris,2018,10670,Manual,16795,Petrol,145,58.9,1.5
 Yaris,2017,10998,Manual,9386,Petrol,145,56.5,1.5
 Yaris,2017,9298,Manual,35121,Petrol,30,55.0,1.3
 Yaris,2013,5998,Manual,43364,Petrol,125,51.4,1.3
 Yaris,2017,10498,Manual,18693,Petrol,145,56.5,1.5
 Yaris,2018,10498,Manual,12985,Petrol,145,58.9,1.5
 Yaris,2017,10498,Manual,5760,Petrol,145,58.9,1.5
 Yaris,2017,9998,Automatic,31728,Petrol,30,58.0,1.3
 Yaris,2017,8998,Manual,23533,Petrol,30,58.0,1.3
 Yaris,2017,8998,Manual,21198,Petrol,30,58.0,1.3
 Yaris,2017,12595,Automatic,15107,Hybrid,140,76.3,1.5
 Yaris,2016,13570,Automatic,18629,Hybrid,0,78.0,1.5
 Yaris,2018,12990,Automatic,13904,Hybrid,140,76.3,1.5
 Yaris,2018,10495,Manual,22268,Petrol,150,58.9,1.5
 Yaris,2013,4998,Manual,56996,Petrol,30,58.9,1.0
 Yaris,2017,9495,Manual,9626,Petrol,150,58.9,1.5
 Yaris,2017,12495,Automatic,22269,Hybrid,140,76.3,1.5
 Yaris,2016,9798,Manual,17873,Petrol,30,55.0,1.3
 Yaris,2019,11990,Manual,7069,Petrol,145,47.9,1.5
 Yaris,2017,10570,Manual,8963,Petrol,30,55.0,1.3
 Yaris,2017,13070,Automatic,15871,Hybrid,0,86.0,1.5
 Yaris,2018,10990,Manual,20789,Petrol,145,56.5,1.5
 Yaris,2015,10360,Automatic,8370,Petrol,30,55.0,1.3
 Yaris,2019,12695,Manual,3745,Petrol,145,47.9,1.5
 Yaris,2017,12995,Automatic,12327,Hybrid,135,76.3,1.5
 Yaris,2015,11698,Automatic,21076,Hybrid,0,78.0,1.5
 Yaris,2019,11870,Manual,8324,Petrol,145,47.9,1.5
 Yaris,2016,8510,Manual,26889,Petrol,30,55.0,1.3
 Yaris,2017,11498,Automatic,19495,Petrol,145,60.1,1.5
 Yaris,2018,10998,Manual,9053,Petrol,150,58.9,1.5
 Yaris,2018,9498,Manual,27098,Petrol,150,58.9,1.5
 Yaris,2015,7298,Manual,32358,Petrol,30,55.0,1.3
 Yaris,2017,9495,Manual,12971,Petrol,145,66.0,1.0
 Yaris,2019,11875,Manual,8204,Petrol,145,47.9,1.5
 Yaris,2017,11495,Automatic,30613,Hybrid,0,86.0,1.5
 Yaris,2018,10995,Manual,10601,Petrol,145,58.9,1.5
 Yaris,2015,10495,Automatic,37774,Hybrid,0,78.0,1.5
 Yaris,2017,8498,Manual,26710,Petrol,30,58.0,1.3
 Yaris,2015,6998,Manual,45357,Petrol,30,55.0,1.3
 Yaris,2013,8698,Automatic,39963,Hybrid,0,76.3,1.5
 Yaris,2017,8498,Manual,24868,Petrol,30,58.0,1.3
 Yaris,2017,9998,Manual,21255,Petrol,145,56.5,1.5
 Yaris,2015,9998,Automatic,29377,Hybrid,0,78.0,1.5
 Yaris,2017,8998,Manual,20471,Petrol,30,58.0,1.3
 Yaris,2017,9495,Manual,35101,Petrol,30,55.0,1.3
 Yaris,2017,8298,Manual,29970,Petrol,30,58.0,1.3
 Yaris,2018,11298,Manual,15775,Petrol,145,56.5,1.5
 Yaris,2017,9498,Manual,34185,Petrol,150,56.5,1.5
 Yaris,2017,7698,Manual,43059,Petrol,30,58.0,1.3
 Yaris,2017,9998,Manual,18572,Petrol,150,58.9,1.5
 Yaris,2017,9498,Manual,44795,Petrol,145,56.5,1.5
 Yaris,2017,10498,Manual,23156,Petrol,145,56.5,1.5
 Yaris,2013,4698,Manual,76920,Petrol,125,58.9,1.3
 Yaris,2013,5698,Manual,57140,Petrol,125,51.4,1.3
 Yaris,2017,8998,Manual,22770,Petrol,30,58.0,1.3
 Yaris,2017,8498,Manual,18901,Petrol,30,58.0,1.3
 Yaris,2018,10698,Manual,14320,Petrol,145,58.9,1.5
 Yaris,2018,10998,Manual,14840,Petrol,145,56.5,1.5
 Yaris,2018,10998,Manual,12367,Petrol,145,56.5,1.5
 Yaris,2018,9698,Manual,12898,Petrol,145,58.9,1.5
 Yaris,2015,6998,Manual,34864,Petrol,0,66.0,1.0
 Yaris,2016,7998,Manual,40400,Petrol,30,55.0,1.3
 Yaris,2013,4498,Manual,81705,Petrol,30,58.9,1.0
 Yaris,2015,10998,Automatic,17140,Hybrid,0,86.0,1.5
 Yaris,2017,10798,Manual,5100,Petrol,150,56.5,1.5
 Yaris,2017,9498,Manual,25130,Petrol,145,58.9,1.5
 Yaris,2017,10995,Automatic,10542,Petrol,145,60.1,1.5
 Yaris,2016,8350,Manual,63965,Petrol,30,55.0,1.3
 Yaris,2017,8995,Manual,19600,Petrol,145,58.9,1.5
 Yaris,2018,10998,Manual,15123,Petrol,145,56.5,1.5
 Yaris,2018,10998,Manual,6280,Petrol,145,58.9,1.5
 Yaris,2018,10698,Manual,7960,Petrol,145,58.9,1.5
 Yaris,2018,10998,Manual,24430,Petrol,145,56.5,1.5
 Yaris,2017,7975,Manual,23257,Petrol,30,58.0,1.3
 Yaris,2017,9998,Manual,17190,Petrol,150,58.9,1.5
 Yaris,2019,12995,Automatic,4320,Petrol,150,47.9,1.5
 Yaris,2016,7498,Manual,15203,Petrol,0,66.0,1.0
 Yaris,2013,4698,Manual,87210,Diesel,20,72.4,1.4
 Yaris,2014,9998,Automatic,18880,Hybrid,0,86.0,1.5
 Yaris,2016,7998,Manual,32610,Petrol,30,58.0,1.3
 Yaris,2016,7998,Manual,48990,Petrol,30,55.0,1.3
 Yaris,2017,10498,Manual,10440,Petrol,145,56.5,1.5
 Yaris,2017,8998,Manual,19680,Petrol,145,58.9,1.5
 Yaris,2018,10310,Manual,10564,Petrol,145,58.9,1.5
 Yaris,2014,5495,Manual,52354,Diesel,0,72.4,1.4
 Yaris,2018,12740,Automatic,11324,Hybrid,135,76.3,1.5
 Yaris,2018,13555,Automatic,15025,Hybrid,135,67.3,1.5
 Yaris,2017,9233,Manual,21134,Petrol,145,58.9,1.5
 Yaris,2018,10998,Automatic,21608,Petrol,145,60.1,1.5
 Yaris,2015,10998,Automatic,7155,Hybrid,0,86.0,1.5
 Yaris,2017,9990,Manual,17530,Petrol,150,56.5,1.5
 Yaris,2017,8998,Manual,21390,Petrol,145,58.9,1.5
 Yaris,2017,10595,Automatic,24410,Hybrid,0,86.0,1.5
 Yaris,2016,6990,Manual,51926,Petrol,30,58.0,1.3
 Yaris,2013,5999,Manual,50000,Petrol,125,51.4,1.3
 Yaris,2019,11310,Manual,5400,Petrol,145,47.9,1.5
 Yaris,2019,11495,Manual,10994,Petrol,150,47.9,1.5
 Yaris,2016,12995,Automatic,13486,Hybrid,0,78.0,1.5
 Yaris,2015,9290,Automatic,49063,Hybrid,0,78.0,1.5
 Yaris,2014,5990,Manual,43681,Petrol,125,52.3,1.3
 Yaris,2015,6490,Manual,41000,Petrol,30,58.0,1.3
 Yaris,2014,8295,Semi-Auto,36218,Petrol,30,55.4,1.3
 Yaris,2017,9495,Manual,21690,Petrol,30,58.0,1.3
 Yaris,2017,8995,Manual,34985,Diesel,0,80.7,1.4
 Yaris,2017,8295,Manual,34000,Diesel,0,80.7,1.4
 Yaris,2015,8695,Automatic,29103,Petrol,30,58.0,1.3
 Yaris,2017,9695,Manual,16390,Petrol,30,58.0,1.3
 Yaris,2019,12495,Manual,5931,Petrol,145,47.9,1.5
 Yaris,2019,12495,Manual,8785,Petrol,145,47.9,1.5
 Yaris,2019,12495,Manual,4042,Petrol,145,47.9,1.5
 Yaris,2016,8995,Manual,33920,Petrol,30,55.0,1.3
 Yaris,2016,12295,Automatic,20775,Hybrid,0,78.0,1.5
 Yaris,2017,9695,Manual,11792,Petrol,145,58.9,1.5
 Yaris,2018,11995,Automatic,6912,Hybrid,135,76.3,1.5
 Yaris,2018,12800,Automatic,20436,Hybrid,135,76.3,1.5
 Yaris,2015,5850,Manual,60257,Petrol,30,58.0,1.3
 Yaris,2019,12850,Automatic,4000,Petrol,145,47.9,1.5
 Yaris,2017,11650,Automatic,19736,Hybrid,0,86.0,1.5
 Yaris,2014,10495,Automatic,49628,Hybrid,0,78.0,1.5
 Yaris,2017,12495,Automatic,13356,Hybrid,0,86.0,1.5
 Yaris,2017,8495,Manual,28000,Diesel,0,80.7,1.4
 Yaris,2016,10495,Automatic,33705,Hybrid,0,86.0,1.5
 Yaris,2019,11995,Manual,7282,Petrol,145,47.9,1.5
 Yaris,2019,12495,Manual,8378,Petrol,145,47.9,1.5
 Yaris,2015,7495,Manual,29581,Petrol,30,58.0,1.3
 Yaris,2018,13800,Automatic,2500,Hybrid,135,76.3,1.5
 Yaris,2017,11998,Automatic,14646,Hybrid,0,86.0,1.5
 Yaris,2017,9250,Manual,23000,Petrol,145,58.9,1.5
 Yaris,2017,11850,Automatic,21000,Hybrid,135,76.3,1.5
 Yaris,2014,5444,Manual,63475,Petrol,125,52.3,1.3
 Yaris,2017,7995,Manual,19000,Petrol,145,65.7,1.0
 Yaris,2018,10550,Manual,19377,Petrol,145,47.1,1.5
 Yaris,2016,7495,Manual,42752,Petrol,30,58.0,1.3
 Yaris,2017,12995,Automatic,30273,Hybrid,0,78.0,1.5
 Yaris,2017,9995,Manual,12356,Petrol,30,58.0,1.3
 Yaris,2017,10400,Manual,8028,Petrol,145,58.9,1.5
 Yaris,2018,13999,Manual,12080,Hybrid,135,67.3,1.5
 Yaris,2017,10440,Automatic,13000,Petrol,30,58.0,1.3
 Yaris,2017,11700,Automatic,35000,Hybrid,0,78.0,1.5
 Yaris,2017,9490,Manual,23003,Petrol,30,55.0,1.3
 Yaris,2018,12495,Manual,12188,Petrol,145,56.5,1.5
 Yaris,2017,9995,Manual,25071,Petrol,30,58.0,1.3
 Yaris,2017,9995,Manual,18518,Petrol,30,58.0,1.3
 Yaris,2017,12495,Automatic,18927,Hybrid,0,86.0,1.5
 Yaris,2017,9995,Manual,24630,Diesel,0,80.7,1.4
 Yaris,2018,10995,Manual,3100,Petrol,145,58.9,1.5
 Yaris,2017,9495,Manual,17111,Petrol,30,58.0,1.3
 Yaris,2018,12000,Automatic,37481,Hybrid,135,76.3,1.5
 Yaris,2015,11000,Automatic,19228,Hybrid,0,78.0,1.5
 Yaris,2016,10495,Automatic,33705,Hybrid,0,86.0,1.5
 Yaris,2017,12995,Automatic,20069,Hybrid,0,78.0,1.5
 Yaris,2017,9995,Manual,22777,Petrol,145,58.9,1.5
 Yaris,2019,12000,Manual,1966,Petrol,145,47.9,1.5
 Yaris,2017,11000,Automatic,4159,Petrol,30,58.0,1.3
 Yaris,2016,9995,Automatic,28854,Petrol,30,55.0,1.3
 Yaris,2019,13495,Manual,3381,Petrol,145,47.9,1.5
 Yaris,2019,12500,Manual,1987,Petrol,145,47.9,1.5
 Yaris,2017,9000,Manual,19360,Petrol,30,58.0,1.3
 Yaris,2017,10471,Automatic,34408,Petrol,30,58.0,1.3
 Yaris,2017,10590,Automatic,40271,Hybrid,0,86.0,1.5
 Yaris,2015,9000,Automatic,28417,Petrol,30,58.0,1.3
 Yaris,2017,13250,Automatic,9523,Hybrid,135,76.3,1.5
 Yaris,2016,8000,Manual,34058,Petrol,30,58.0,1.3
 Yaris,2014,7250,Manual,19569,Petrol,125,52.3,1.3
 Yaris,2017,9000,Manual,12711,Petrol,30,58.0,1.3
 Yaris,2017,13698,Automatic,12706,Hybrid,0,78.0,1.5
 Yaris,2016,10698,Manual,10698,Petrol,30,55.0,1.3
 Yaris,2019,13000,Manual,3746,Petrol,145,47.9,1.5
 Yaris,2019,13000,Manual,1378,Petrol,145,47.9,1.5
 Yaris,2019,15500,Automatic,1993,Hybrid,135,76.3,1.5
 Yaris,2017,11750,Automatic,29823,Hybrid,135,76.3,1.5
 Yaris,2015,7190,Manual,37000,Petrol,30,58.0,1.3
 Yaris,2017,9398,Manual,21329,Petrol,145,58.9,1.5
 Yaris,2016,8298,Manual,19948,Petrol,30,58.0,1.3
 Yaris,2017,9500,Manual,15100,Petrol,30,58.0,1.3
 Yaris,2013,5180,Manual,71402,Petrol,125,52.3,1.3
 Yaris,2019,13000,Manual,1000,Petrol,145,47.9,1.5
 Yaris,2017,9000,Manual,20175,Petrol,30,58.0,1.3
 Yaris,2017,10000,Manual,31215,Petrol,30,55.0,1.3
 Yaris,2018,11000,Manual,21668,Petrol,145,56.5,1.5
 Yaris,2018,9500,Manual,22788,Petrol,145,58.9,1.5
 Yaris,2017,8999,Manual,35765,Petrol,145,58.9,1.5
 Yaris,2016,8495,Manual,33778,Petrol,30,55.0,1.3
 Yaris,2015,6280,Manual,47952,Petrol,30,58.0,1.3
 Yaris,2019,12250,Manual,473,Petrol,145,47.9,1.5
 Yaris,2018,11000,Manual,15723,Petrol,145,56.5,1.5
 Yaris,2019,11750,Manual,9867,Petrol,145,47.9,1.5
 Yaris,2019,12495,Manual,3099,Petrol,145,47.9,1.5
 Yaris,2017,11000,Automatic,9231,Petrol,30,58.0,1.3
 Yaris,2017,9000,Manual,14078,Petrol,30,58.0,1.3
 Yaris,2018,12000,Automatic,9797,Petrol,145,60.1,1.5
 Yaris,2017,11000,Manual,13070,Petrol,145,56.5,1.5
 Yaris,2017,12500,Automatic,27022,Hybrid,0,86.0,1.5
 Yaris,2019,12000,Manual,9081,Petrol,145,47.9,1.5
 Yaris,2017,13000,Automatic,24277,Hybrid,135,76.3,1.5
 Yaris,2017,12280,Automatic,26424,Hybrid,135,76.3,1.5
 Yaris,2017,11250,Manual,7451,Petrol,145,56.5,1.5
 Yaris,2018,12000,Automatic,4360,Petrol,145,60.1,1.5
 Yaris,2018,10500,Manual,18595,Petrol,145,58.9,1.5
 Yaris,2017,7500,Manual,63379,Petrol,30,58.0,1.3
 Yaris,2017,10500,Automatic,27031,Petrol,30,58.0,1.3
 Yaris,2019,12500,Manual,3947,Petrol,145,47.9,1.5
 Yaris,2019,11520,Manual,13263,Petrol,145,47.9,1.5
 Yaris,2019,10990,Manual,11996,Petrol,145,47.9,1.5
 Yaris,2017,8980,Manual,31623,Petrol,145,58.9,1.5
 Yaris,2016,10980,Automatic,23272,Hybrid,0,86.0,1.5
 Yaris,2018,10280,Manual,17390,Petrol,145,58.9,1.5
 Yaris,2017,9270,Manual,31475,Petrol,145,58.9,1.5
 Yaris,2017,9000,Manual,17468,Petrol,30,58.0,1.3
 Yaris,2013,9550,Automatic,28230,Hybrid,0,80.7,1.5
 Yaris,2018,9790,Manual,23654,Petrol,150,58.9,1.5
 Yaris,2018,12280,Automatic,16564,Petrol,150,47.1,1.5
 Yaris,2014,8990,Semi-Auto,9766,Petrol,30,55.4,1.3
 Yaris,2018,13450,Automatic,12121,Hybrid,135,76.3,1.5
 Yaris,2016,8995,Manual,26463,Petrol,30,55.0,1.3
 Yaris,2013,7695,Semi-Auto,23400,Petrol,30,55.4,1.3
 Yaris,2015,11500,Automatic,14864,Hybrid,0,78.0,1.5
 Yaris,2016,10995,Automatic,14500,Hybrid,0,78.0,1.5
 Yaris,2016,5980,Manual,49699,Petrol,0,66.0,1.0
 Yaris,2017,7000,Manual,64754,Diesel,0,80.7,1.4
 Yaris,2016,9000,Manual,12636,Petrol,30,58.0,1.3
 Yaris,2017,12178,Automatic,28965,Hybrid,135,76.3,1.5
 Yaris,2019,14790,Automatic,3106,Hybrid,135,76.3,1.5
 Yaris,2017,12980,Automatic,21254,Hybrid,135,67.3,1.5
 Yaris,2016,10998,Automatic,23183,Hybrid,0,78.0,1.5
 Yaris,2019,12790,Automatic,12941,Petrol,145,47.9,1.5
 Yaris,2019,11490,Manual,3588,Petrol,145,47.9,1.5
 Yaris,2018,12290,Automatic,29740,Hybrid,140,76.3,1.5
 Yaris,2018,10480,Manual,14054,Petrol,145,56.5,1.5
 Yaris,2018,10288,Manual,15865,Petrol,145,58.9,1.5
 Yaris,2018,12788,Automatic,7452,Petrol,150,60.1,1.5
 Yaris,2017,11288,Automatic,26989,Hybrid,0,86.0,1.5
 Yaris,2018,12490,Automatic,13046,Hybrid,135,76.3,1.5
 Yaris,2017,9290,Manual,19762,Petrol,145,58.9,1.5
 Yaris,2018,10495,Manual,22224,Petrol,150,58.9,1.5
 Yaris,2017,10288,Manual,6210,Petrol,145,58.9,1.5
 Yaris,2018,13488,Automatic,5886,Hybrid,135,76.3,1.5
 Yaris,2016,7688,Manual,30690,Petrol,30,58.0,1.3
 Yaris,2015,10688,Automatic,36021,Hybrid,0,78.0,1.5
 Yaris,2018,9688,Manual,31865,Petrol,145,56.5,1.5
 Yaris,2016,10887,Automatic,21852,Hybrid,0,86.0,1.5
 Yaris,2017,9988,Manual,12995,Petrol,145,58.9,1.5
 Yaris,2018,9387,Manual,31865,Petrol,145,58.9,1.5
 Yaris,2017,8775,Manual,6500,Petrol,30,58.0,1.3
 Yaris,2017,11288,Automatic,22336,Hybrid,0,86.0,1.5
 Yaris,2017,12287,Automatic,25465,Hybrid,135,67.3,1.5
 Yaris,2019,13988,Automatic,10995,Hybrid,135,76.3,1.5
 Yaris,2017,12848,Automatic,16788,Hybrid,0,78.0,1.5
 Yaris,2016,10998,Automatic,5393,Hybrid,0,86.0,1.5
 Yaris,2019,10298,Manual,24566,Petrol,150,47.9,1.5
 Yaris,2018,11487,Manual,14233,Petrol,145,56.5,1.5
 Yaris,2018,14788,Automatic,6688,Hybrid,135,67.3,1.5
 Yaris,2018,10788,Manual,18965,Petrol,145,56.5,1.5
 Yaris,2019,11995,Manual,3991,Petrol,145,47.9,1.5
 Yaris,2019,11995,Manual,5373,Petrol,145,47.9,1.5
 Yaris,2019,11995,Manual,10492,Petrol,145,47.9,1.5
 Yaris,2019,11995,Manual,6335,Petrol,145,47.9,1.5
 Yaris,2016,9495,Automatic,26191,Petrol,30,58.0,1.3
 Yaris,2016,8295,Manual,24690,Petrol,30,58.0,1.3
 Yaris,2016,11995,Automatic,9687,Petrol,30,55.4,1.3
 Yaris,2017,14495,Automatic,8102,Hybrid,0,78.0,1.5
 Yaris,2017,12995,Automatic,13551,Hybrid,0,86.0,1.5
 Yaris,2016,9680,Manual,11833,Petrol,30,55.0,1.3
 Yaris,2020,15790,Automatic,1910,Hybrid,135,76.3,1.5
 Yaris,2017,11980,Automatic,15462,Petrol,145,60.1,1.5
 Yaris,2019,12180,Manual,2000,Petrol,145,47.9,1.5
 Yaris,2018,10495,Manual,5599,Petrol,145,58.9,1.5
 Yaris,2018,11995,Automatic,12936,Petrol,145,60.1,1.5
 Yaris,2018,14995,Automatic,14408,Hybrid,135,67.3,1.5
 Yaris,2015,7695,Manual,29568,Petrol,30,58.0,1.3
 Yaris,2016,10995,Automatic,43492,Hybrid,0,78.0,1.5
 Yaris,2016,11488,Automatic,10038,Petrol,30,55.0,1.3
 Yaris,2016,10998,Automatic,19715,Hybrid,0,86.0,1.5
 Yaris,2019,13988,Manual,2000,Petrol,150,47.9,1.5
 Yaris,2017,9988,Manual,15054,Petrol,150,56.5,1.5
 Yaris,2018,10488,Manual,8000,Petrol,145,47.1,1.5
 Yaris,2019,12490,Automatic,3491,Petrol,145,47.9,1.5
 Yaris,2019,11590,Manual,4321,Petrol,145,47.9,1.5
 Yaris,2019,16490,Automatic,4463,Hybrid,135,76.3,1.5
 Yaris,2018,9788,Manual,12550,Petrol,145,58.9,1.5
 Yaris,2018,13248,Automatic,15000,Hybrid,135,76.3,1.5
 Yaris,2017,9390,Manual,17591,Petrol,145,56.5,1.5
 Yaris,2015,11500,Automatic,14387,Hybrid,0,78.0,1.5
 Yaris,2013,9600,Automatic,29720,Hybrid,0,76.3,1.5
 Yaris,2017,8188,Manual,29000,Petrol,30,58.0,1.3
 Yaris,2017,8148,Manual,24525,Petrol,30,58.0,1.3
 Yaris,2015,9987,Automatic,31628,Hybrid,0,78.0,1.5
 Yaris,2014,6491,Manual,53234,Petrol,30,55.0,1.3
 Yaris,2017,8588,Manual,29255,Petrol,30,58.0,1.3
 Yaris,2016,9790,Manual,18636,Petrol,30,55.0,1.3
 Yaris,2017,10490,Automatic,15179,Petrol,30,58.0,1.3
 Yaris,2018,13490,Automatic,11080,Hybrid,140,76.3,1.5
 Yaris,2018,9990,Manual,14615,Petrol,150,58.9,1.5
 Yaris,2018,9580,Manual,13552,Petrol,145,65.7,1.0
 Yaris,2017,11980,Automatic,15597,Petrol,150,60.1,1.5
 Yaris,2020,13490,Manual,1034,Petrol,150,47.9,1.5
 Yaris,2016,6997,Manual,21403,Petrol,30,58.0,1.3
 Yaris,2018,10690,Manual,15582,Petrol,145,58.9,1.5
 Yaris,2017,11490,Automatic,20453,Petrol,145,60.1,1.5
 Yaris,2018,10490,Manual,15525,Petrol,145,47.1,1.5
 Yaris,2015,6990,Manual,43477,Petrol,30,58.0,1.3
 Yaris,2017,9998,Manual,10024,Petrol,150,58.9,1.5
 Yaris,2017,8790,Manual,43859,Petrol,145,58.9,1.5
 Yaris,2019,12290,Manual,4234,Petrol,145,47.9,1.5
 Yaris,2017,8490,Manual,21488,Petrol,30,58.0,1.3
 Yaris,2017,9495,Manual,19800,Petrol,30,55.0,1.3
 Yaris,2018,12995,Automatic,11327,Hybrid,140,76.3,1.5
 Yaris,2017,9690,Manual,13675,Petrol,145,58.9,1.5
 Yaris,2018,10990,Manual,17163,Petrol,145,56.5,1.5
 Yaris,2017,9690,Manual,26176,Petrol,150,58.9,1.5
 Yaris,2015,7495,Manual,24000,Petrol,30,58.0,1.3
 Yaris,2017,8995,Manual,13200,Petrol,150,58.9,1.5
 Yaris,2019,12295,Manual,6043,Petrol,145,47.9,1.5
 Yaris,2017,9295,Manual,26600,Petrol,30,58.0,1.3
 Yaris,2015,7195,Manual,50229,Petrol,30,58.0,1.3
 Yaris,2017,8495,Manual,29906,Petrol,30,58.0,1.3
 Yaris,2019,11495,Manual,10540,Petrol,145,47.9,1.5
 Yaris,2016,8995,Manual,13767,Petrol,30,55.0,1.3
 Yaris,2019,10990,Manual,8437,Petrol,145,47.9,1.5
 Yaris,2019,10990,Manual,12012,Petrol,145,47.9,1.5
 Yaris,2016,8980,Manual,19720,Petrol,30,55.0,1.3
 Yaris,2015,8995,Automatic,69000,Hybrid,0,78.0,1.5
 Yaris,2018,10490,Manual,11087,Petrol,145,56.5,1.5
 Yaris,2016,12490,Automatic,16647,Hybrid,0,78.0,1.5
 Yaris,2018,10990,Manual,8215,Petrol,145,56.5,1.5
 Yaris,2019,11495,Manual,11206,Petrol,145,47.9,1.5
 Yaris,2018,10495,Manual,25700,Petrol,145,56.5,1.5
 Yaris,2017,8995,Manual,11682,Petrol,30,58.0,1.3
 Yaris,2016,11995,Automatic,15504,Hybrid,0,86.0,1.5
 Yaris,2018,11995,Manual,2070,Petrol,145,56.5,1.5
 Yaris,2017,12995,Automatic,21736,Hybrid,0,86.0,1.5
 Yaris,2019,11895,Manual,14150,Petrol,145,47.9,1.5
 Yaris,2013,9495,Automatic,38126,Hybrid,0,76.3,1.5
 Yaris,2016,12295,Automatic,21393,Hybrid,0,78.5,1.5
 Yaris,2016,7995,Manual,24690,Petrol,30,58.0,1.3
 Yaris,2017,9000,Manual,20421,Petrol,150,58.9,1.5
 Yaris,2017,12500,Automatic,23708,Hybrid,140,76.3,1.5
 Yaris,2017,9990,Manual,15096,Petrol,30,55.0,1.3
 Yaris,2014,5850,Manual,44150,Petrol,125,52.3,1.3
 Yaris,2017,11500,Automatic,36167,Hybrid,0,86.0,1.5
 Yaris,2019,12000,Manual,11684,Petrol,150,47.9,1.5
 Yaris,2017,10000,Manual,16867,Petrol,30,55.0,1.3
 Yaris,2019,11695,Manual,6907,Petrol,145,47.9,1.5
 Yaris,2019,11495,Manual,5473,Petrol,145,47.9,1.5
 Yaris,2017,13495,Automatic,17264,Hybrid,140,67.3,1.5
 Yaris,2018,11995,Automatic,12514,Petrol,150,60.1,1.5
 Yaris,2019,12000,Manual,6256,Petrol,145,47.9,1.5
 Yaris,2019,12000,Manual,10308,Petrol,145,47.9,1.5
 Yaris,2019,12000,Manual,12333,Petrol,145,47.9,1.5
 Yaris,2019,12000,Manual,11403,Petrol,145,47.9,1.5
 Yaris,2019,12000,Manual,8778,Petrol,145,47.9,1.5
 Yaris,2016,10995,Automatic,23550,Hybrid,0,78.0,1.5
 Yaris,2019,12000,Manual,8355,Petrol,145,47.9,1.5
 Yaris,2018,10500,Manual,15772,Petrol,145,58.9,1.5
 Yaris,2017,10200,Manual,12859,Petrol,145,58.9,1.5
 Yaris,2018,10500,Manual,9290,Petrol,145,47.1,1.5
 Yaris,2018,11500,Manual,16000,Petrol,145,56.5,1.5
 Yaris,2019,14995,Manual,3000,Petrol,145,47.9,1.5
 Yaris,2016,8995,Manual,23774,Petrol,30,58.0,1.3
 Yaris,2017,11795,Automatic,14916,Hybrid,0,86.0,1.5
 Yaris,2016,11490,Automatic,11989,Hybrid,0,78.0,1.5
 Yaris,2015,9965,Automatic,19500,Hybrid,0,86.0,1.5
 Yaris,2014,5995,Manual,60067,Diesel,0,72.4,1.4
 Yaris,2019,14995,Automatic,5000,Hybrid,140,76.3,1.5
 Yaris,2017,8995,Manual,20295,Petrol,150,65.7,1.0
 Yaris,2017,9495,Manual,12087,Petrol,145,65.7,1.0
 Yaris,2017,10495,Manual,15006,Petrol,145,56.5,1.5
 Yaris,2019,11888,Manual,5,Petrol,145,47.9,1.5
 Yaris,2019,11888,Manual,4,Petrol,145,47.9,1.5
 Yaris,2018,9695,Manual,33031,Petrol,145,58.9,1.5
 Yaris,2019,10995,Manual,4956,Petrol,145,47.9,1.5
 Yaris,2016,8998,Manual,34302,Petrol,30,55.0,1.3
 Yaris,2013,9495,Automatic,41466,Hybrid,0,76.3,1.5
 Yaris,2018,10995,Manual,23025,Petrol,145,58.9,1.5
 Yaris,2018,11795,Manual,9641,Petrol,145,47.1,1.5
 Yaris,2018,10495,Manual,10700,Petrol,145,58.9,1.5
 Yaris,2017,8795,Manual,31130,Petrol,145,58.9,1.5
 Yaris,2017,11995,Automatic,3503,Petrol,145,60.1,1.5
 Yaris,2017,9495,Manual,10335,Petrol,145,65.7,1.0
 Yaris,2018,12295,Automatic,6051,Petrol,145,60.1,1.5
 Yaris,2017,9595,Manual,16976,Petrol,30,58.0,1.3
 Yaris,2015,7295,Manual,24563,Petrol,30,58.0,1.3
 Yaris,2015,5899,Manual,27152,Petrol,0,66.0,1.0
 Yaris,2017,8399,Manual,24851,Petrol,30,55.0,1.3
 Yaris,2017,13995,Automatic,16508,Hybrid,0,78.0,1.5
 Yaris,2016,9495,Automatic,26191,Petrol,30,58.0,1.3
 Yaris,2016,11698,Automatic,10180,Hybrid,0,86.0,1.5
 Yaris,2017,7790,Manual,34795,Petrol,30,58.0,1.3
 Yaris,2018,12690,Automatic,20357,Hybrid,140,76.3,1.5
 Yaris,2016,9990,Automatic,29808,Petrol,30,55.0,1.3
 Yaris,2018,13195,Automatic,12391,Hybrid,135,76.3,1.5
 Yaris,2020,15490,Manual,1124,Petrol,145,47.9,1.5
 Yaris,2017,13490,Automatic,22206,Hybrid,0,78.0,1.5
 Yaris,2017,9490,Manual,21689,Petrol,30,55.0,1.3
 Yaris,2017,9990,Manual,25296,Petrol,150,58.9,1.5
 Yaris,2019,12990,Manual,5361,Petrol,150,47.9,1.5
 Yaris,2018,11290,Manual,11446,Petrol,145,56.5,1.5
 Yaris,2018,11290,Manual,8138,Petrol,150,47.1,1.5
 Yaris,2018,9790,Manual,8116,Petrol,145,48.7,1.0
 Yaris,2017,11790,Automatic,18613,Hybrid,0,86.0,1.5
 Yaris,2017,8490,Manual,31154,Petrol,30,58.0,1.3
 Yaris,2017,13290,Automatic,14108,Hybrid,0,78.0,1.5
 Yaris,2017,11490,Automatic,49731,Hybrid,0,78.0,1.5
 Yaris,2016,12990,Automatic,9612,Hybrid,0,78.0,1.5
 Yaris,2019,13495,Manual,1069,Petrol,145,47.9,1.5
 Yaris,2017,12790,Automatic,31783,Hybrid,0,78.0,1.5
 Yaris,2017,9790,Manual,19957,Petrol,145,55.0,1.3
 Yaris,2018,11790,Manual,14678,Petrol,150,58.9,1.5
 Yaris,2019,12690,Manual,9,Petrol,145,47.1,1.5
 Yaris,2017,8995,Manual,22148,Petrol,30,58.0,1.3
 Yaris,2016,11490,Automatic,18525,Hybrid,0,86.0,1.5
 Yaris,2019,12690,Manual,9,Petrol,150,47.9,1.5
 Yaris,2019,11995,Manual,12222,Petrol,145,47.9,1.5
 Yaris,2019,11995,Manual,11107,Petrol,145,47.9,1.5
 Yaris,2018,10290,Manual,35768,Petrol,150,47.1,1.5
 Yaris,2015,7990,Manual,32621,Petrol,30,55.0,1.3
 Yaris,2015,11990,Automatic,36059,Hybrid,0,78.0,1.5
 Yaris,2019,11995,Manual,10105,Petrol,145,47.9,1.5
 Yaris,2019,13995,Manual,5693,Petrol,145,47.9,1.5
 Yaris,2018,11295,Manual,5973,Petrol,145,58.9,1.5
 Yaris,2019,13690,Automatic,3180,Petrol,145,47.9,1.5
 Yaris,2018,10490,Manual,9363,Petrol,145,58.9,1.5
 Yaris,2018,11295,Manual,14249,Petrol,145,58.9,1.5
 Yaris,2018,9995,Manual,16300,Petrol,145,58.9,1.5
 Yaris,2019,11995,Manual,10596,Petrol,145,47.9,1.5
 Yaris,2018,10995,Manual,12006,Petrol,145,58.9,1.5
 Yaris,2019,11990,Manual,9119,Petrol,145,47.9,1.5
 Yaris,2017,9995,Manual,20860,Petrol,145,55.0,1.3
 Yaris,2015,10495,Automatic,43621,Hybrid,0,86.0,1.5
 Yaris,2014,10695,Automatic,28783,Hybrid,0,80.7,1.5
 Yaris,2017,11995,Automatic,23068,Hybrid,135,76.3,1.5
 Yaris,2018,10895,Manual,14970,Petrol,145,56.5,1.5
 Yaris,2018,10995,Manual,13839,Petrol,145,56.5,1.5
 Yaris,2019,11990,Manual,9032,Petrol,145,47.9,1.5
 Yaris,2017,10995,Manual,12418,Petrol,145,56.5,1.5
 Yaris,2017,10391,Automatic,30107,Petrol,30,58.0,1.3
 Yaris,2019,11990,Manual,8865,Petrol,145,47.9,1.5
 Yaris,2019,13490,Manual,4835,Petrol,145,47.9,1.5
 Yaris,2019,13495,Automatic,5176,Petrol,145,47.9,1.5
 Yaris,2019,13995,Manual,5548,Petrol,145,47.9,1.5
 Yaris,2018,10995,Manual,9314,Petrol,150,56.5,1.5
 Yaris,2017,9995,Manual,11880,Petrol,145,58.9,1.5
 Yaris,2019,12790,Manual,3391,Petrol,145,47.9,1.5
 Yaris,2016,7490,Manual,46722,Petrol,0,66.0,1.0
 Yaris,2018,14290,Manual,5644,Hybrid,140,67.3,1.5
 Yaris,2018,8995,Manual,29694,Petrol,150,58.9,1.5
 Yaris,2017,8998,Manual,16823,Petrol,145,58.9,1.5
 Yaris,2018,8498,Manual,32081,Petrol,145,58.9,1.5
 Yaris,2014,6498,Manual,33289,Petrol,125,52.3,1.3
 Yaris,2015,10490,Automatic,29852,Hybrid,0,78.0,1.5
 Yaris,2019,12495,Manual,6285,Petrol,145,47.9,1.5
 Yaris,2017,7850,Manual,35586,Petrol,30,58.0,1.3
 Yaris,2016,11290,Automatic,28110,Hybrid,0,86.0,1.5
 Yaris,2017,10970,Automatic,3417,Petrol,30,58.0,1.3
 Yaris,2019,12985,Automatic,7106,Hybrid,135,76.3,1.5
 Yaris,2015,9898,Automatic,43335,Hybrid,0,78.0,1.5
 Yaris,2015,11395,Automatic,27483,Hybrid,0,78.0,1.5
 Yaris,2016,8999,Manual,25826,Petrol,30,55.0,1.3
 Yaris,2014,10495,Automatic,29090,Hybrid,0,76.3,1.5
 Yaris,2018,12995,Automatic,2764,Petrol,150,60.1,1.5
 Yaris,2019,11990,Manual,12314,Petrol,145,47.9,1.5
 Yaris,2019,11990,Manual,11500,Petrol,145,47.9,1.5
 Yaris,2019,11990,Manual,1983,Petrol,145,47.9,1.5
 Yaris,2019,10995,Manual,8156,Petrol,145,47.9,1.5
 Yaris,2018,11495,Manual,7400,Petrol,145,56.5,1.5
 Yaris,2017,9480,Manual,22736,Petrol,145,55.0,1.3
 Yaris,2016,11990,Automatic,14214,Hybrid,0,86.0,1.5
 Yaris,2017,9990,Manual,17152,Petrol,30,55.0,1.3
 Yaris,2017,9290,Manual,26000,Petrol,145,58.9,1.5
 Yaris,2018,12490,Automatic,14000,Hybrid,135,76.3,1.5
 Yaris,2017,11290,Manual,5775,Petrol,145,55.0,1.3
 Yaris,2017,9990,Manual,33199,Petrol,30,55.0,1.3
 Yaris,2019,16995,Automatic,4117,Hybrid,140,67.3,1.5
 Yaris,2018,10190,Manual,13996,Petrol,150,58.9,1.5
 Yaris,2017,9490,Manual,29456,Petrol,150,56.5,1.5
 Yaris,2018,12890,Manual,9446,Hybrid,140,67.3,1.5
 Yaris,2018,10995,Manual,22421,Petrol,145,47.1,1.5
 Yaris,2016,9295,Manual,23965,Petrol,30,55.0,1.3
 Yaris,2018,10495,Manual,17196,Petrol,145,58.9,1.5
 Yaris,2017,9795,Manual,24114,Petrol,30,55.0,1.3
 Yaris,2016,10995,Automatic,39133,Hybrid,0,86.0,1.5
 Yaris,2016,8680,Manual,14875,Petrol,30,55.0,1.3
